PRAGMA foreign_keys = OFF;

-- Clear existing data
DELETE FROM "output_rest_days";
DELETE FROM "daily_outputs";
DELETE FROM "progress_logs";
DELETE FROM "reminders";
DELETE FROM "goal_checklists";
DELETE FROM "goal_references";
DELETE FROM "milestone_todos";
DELETE FROM "milestones";
DELETE FROM "theme_words";
DELETE FROM "review_settings";
DELETE FROM "goals";
DELETE FROM "categories";
DELETE FROM "users";

-- Import data
INSERT INTO `users` (`id`, `name`, `username`, `email`, `avatar`, `timezone`, `notification_email`, `notification_push`, `theme`, `email_verified_at`, `password`, `remember_token`, `theme_words_effect`, `created_at`, `updated_at`) VALUES (1,'lien-viboard','lien-viboard','lienduong188@gmail.com',NULL,'Asia/Tokyo',1,1,'light',NULL,'$2y$12$W61pOnC/RHZxJXyNL0qVte2QbHt3J4WCG.6z2iocEOIfNT9kVuQyS','Q7QE3ONW3hXG6krkg3WRaxZg1Z059iHlunqpIakQhFUaxCW4bC9GIeEYN16g','orbit','2026-02-01 05:29:06','2026-02-17 14:42:27');
INSERT INTO `goals` (`id`, `user_id`, `category_id`, `title`, `description`, `slogan`, `cover_image`, `target_value`, `current_value`, `unit`, `start_value`, `progress`, `progress_mode`, `start_date`, `target_date`, `completed_at`, `priority`, `status`, `is_pinned`, `is_core_goal`, `sort_order`, `orbit_scale`, `created_at`, `updated_at`) VALUES (1,1,1,'Xóa sạch nợ – Nhẹ người bước sang giai đoạn mới','Mình sống trong trạng thái nhẹ đầu và không còn cảm giác bị đuổi theo bởi con số nợ.\r\nMình hình dung tài khoản gọn gàng, mỗi tháng trả nợ đều đặn, không né tránh sao kê.\r\nMình chủ động chia nhỏ khoản nợ, ưu tiên thứ tự trả, và kiên trì hoàn thành từng mốc một.','Không nợ nần – không ám ảnh – không trốn tránh',NULL,3060000.00,0.00,'円',NULL,0,'value','2026-01-01','2026-12-31',NULL,'high','in_progress',1,0,1,5,'2026-02-01 05:29:06','2026-02-07 04:13:15');
INSERT INTO `goals` (`id`, `user_id`, `category_id`, `title`, `description`, `slogan`, `cover_image`, `target_value`, `current_value`, `unit`, `start_value`, `progress`, `progress_mode`, `start_date`, `target_date`, `completed_at`, `priority`, `status`, `is_pinned`, `is_core_goal`, `sort_order`, `orbit_scale`, `created_at`, `updated_at`) VALUES (2,1,2,'42.195km – Chạy hết mình, về đích bình an','Tớ đứng ở vạch đích giải Tottori Marathon, mồ hôi ướt áo, chân mỏi rã nhưng tim bình thản.\r\nTrước mắt là biển Nhật Bản và gió lạnh mùa thu, xung quanh là tiếng cổ vũ nhỏ nhưng ấm.\r\nTớ đã chạy từng km một cách tỉnh táo, lắng nghe cơ thể, không bỏ cuộc, không vội vàng — và hoàn thành trọn vẹn 42.195km của chính mình.','Mỗi bước chân là một lời hứa với bản thân.','/storage/goals/dpeoTBoQ7iL1pAPu3j30asEov2tuYzfl4tIFfJI1.png',42.00,23.66,'km',NULL,56,'value','2026-01-01','2026-03-15',NULL,'high','in_progress',0,1,13,5,'2026-02-01 05:29:06','2026-02-07 04:13:15');
INSERT INTO `goals` (`id`, `user_id`, `category_id`, `title`, `description`, `slogan`, `cover_image`, `target_value`, `current_value`, `unit`, `start_value`, `progress`, `progress_mode`, `start_date`, `target_date`, `completed_at`, `priority`, `status`, `is_pinned`, `is_core_goal`, `sort_order`, `orbit_scale`, `created_at`, `updated_at`) VALUES (3,1,2,'Body Transformation','Pull up & Push up dễ dàng. Gym 3 buổi/tuần. Giảm body fat xuống 20%',NULL,NULL,20.00,25.40,'% body fat',25.40,0,'milestone','2026-01-01','2026-12-31','2026-02-01 12:37:55','high','in_progress',0,0,12,3,'2026-02-01 05:29:06','2026-02-07 04:13:15');
INSERT INTO `goals` (`id`, `user_id`, `category_id`, `title`, `description`, `slogan`, `cover_image`, `target_value`, `current_value`, `unit`, `start_value`, `progress`, `progress_mode`, `start_date`, `target_date`, `completed_at`, `priority`, `status`, `is_pinned`, `is_core_goal`, `sort_order`, `orbit_scale`, `created_at`, `updated_at`) VALUES (4,1,4,'Fundamental IT Engineer – Mốc nền tảng IT của mình','Mình đang ở trạng thái tự tin và vững nền tảng IT, không còn mơ hồ trước các khái niệm kỹ thuật.\r\nMình nhìn thấy bản thân ngồi học đều đặn, hiểu dần từng phần, làm mock test mà không còn sợ câu hỏi.\r\nMỗi tuần, mình học chậm nhưng chắc, ôn tập có hệ thống và từng bước tiến gần đến ngày thi FE.','Không cần giỏi ngay – chỉ cần đi đều.','/storage/goals/pDUBTWRMSyin3skzWSZqSNIYXA98LOalFdDvapah.webp',NULL,0.00,NULL,NULL,0,'milestone','2026-03-01','2026-06-01',NULL,'medium','not_started',0,1,14,5,'2026-02-01 05:29:06','2026-02-07 04:13:15');
INSERT INTO `goals` (`id`, `user_id`, `category_id`, `title`, `description`, `slogan`, `cover_image`, `target_value`, `current_value`, `unit`, `start_value`, `progress`, `progress_mode`, `start_date`, `target_date`, `completed_at`, `priority`, `status`, `is_pinned`, `is_core_goal`, `sort_order`, `orbit_scale`, `created_at`, `updated_at`) VALUES (5,1,4,'Scrum Master / Agile 資格','Đạt chứng chỉ Professional Scrum Master (PSM I) hoặc tương đương',NULL,'/storage/goals/lzXVbwT1Dqbp076zWl2NbY0GlntZOyiDivRdrIrd.png',NULL,0.00,NULL,NULL,0,'value','2026-06-01','2026-12-31',NULL,'low','not_started',0,0,15,2,'2026-02-01 05:29:06','2026-02-07 04:13:15');
INSERT INTO `goals` (`id`, `user_id`, `category_id`, `title`, `description`, `slogan`, `cover_image`, `target_value`, `current_value`, `unit`, `start_value`, `progress`, `progress_mode`, `start_date`, `target_date`, `completed_at`, `priority`, `status`, `is_pinned`, `is_core_goal`, `sort_order`, `orbit_scale`, `created_at`, `updated_at`) VALUES (6,1,6,'Project CSS 100 – Giữ chất lượng công việc ở mức xuất sắc','Mình làm việc trong trạng thái bình tĩnh, rõ ràng và có trách nhiệm, từng project được triển khai mạch lạc, giao tiếp dễ hiểu, không để khách phải đoán ý.\r\nMình thấy hình ảnh những email phản hồi tích cực, feedback gọn gàng, điểm CSS luôn ở mức cao và ổn định.\r\nMình chủ động chuẩn bị kỹ trước khi bắt đầu project, update tiến độ đều, xử lý vấn đề sớm và chốt project thật sạch, để mỗi lần khách đánh giá là một lần yên tâm.','Làm rõ ràng – Khách an tâm – Điểm số tự đến.','/storage/goals/YRp56gIy2I1sjXYeKyz2uwNYcDRQG3aJ8Rk3Md6M.jpg',100.00,0.00,'CSS points',NULL,0,'value','2026-01-01','2026-12-31',NULL,'low','paused',0,0,16,3,'2026-02-01 05:29:06','2026-02-07 04:13:15');
INSERT INTO `goals` (`id`, `user_id`, `category_id`, `title`, `description`, `slogan`, `cover_image`, `target_value`, `current_value`, `unit`, `start_value`, `progress`, `progress_mode`, `start_date`, `target_date`, `completed_at`, `priority`, `status`, `is_pinned`, `is_core_goal`, `sort_order`, `orbit_scale`, `created_at`, `updated_at`) VALUES (7,1,6,'Viết để sống, quay để giữ','Mình ở trong trạng thái sống chậm, tỉnh táo và thành thật với cảm xúc của chính mình.\r\nMình nhìn thấy những buổi tối yên, một góc bàn nhỏ, camera đặt im, từng dòng chữ được viết ra không để chứng minh mà để nhớ.\r\nMình duy trì mỗi tuần một bài blog — không cần hoàn hảo, chỉ cần có mặt. Song song đó, mình đều đặn đăng video YouTube để giữ lại những khoảnh khắc có thật: chậm, nhỏ, nhưng không bị bỏ quên.','Không cần hoàn hảo. Chỉ cần còn nhớ.','/storage/goals/HXWQou1RQ7P2XH7yEh04tRvq9QEhzCHr5OgGa9PQ.png',52.00,5.00,'blogs',NULL,10,'value','2026-01-01','2026-12-31',NULL,'high','in_progress',0,1,17,5,'2026-02-01 05:29:06','2026-02-07 04:13:15');
INSERT INTO `goals` (`id`, `user_id`, `category_id`, `title`, `description`, `slogan`, `cover_image`, `target_value`, `current_value`, `unit`, `start_value`, `progress`, `progress_mode`, `start_date`, `target_date`, `completed_at`, `priority`, `status`, `is_pinned`, `is_core_goal`, `sort_order`, `orbit_scale`, `created_at`, `updated_at`) VALUES (8,1,5,'Hong Kong – Winter Trip with Chu','Mình cảm thấy nhẹ nhõm, hào hứng và được sống chậm lại giữa nhịp đô thị quen mà lạ.\r\n\r\nHai đứa con gái đi bộ giữa những con phố đèn neon, gió lạnh tháng 12 lùa qua áo khoác. Buổi tối ngồi bên bến cảng Victoria Harbour, nhìn skyline sáng lên, cười nói rất khẽ.\r\n\r\nChu chủ động lên kế hoạch, mình thì tiết kiệm tiền, đặt vé – khách sạn, chuẩn bị lịch trình vừa đủ để đi, vừa đủ để nghỉ.','Hai đứa – một mùa đông – một thành phố','/storage/goals/cjoIYfDTBIl9hHWOm9EBQ2eLvuKD3oP8soxseSIy.png',NULL,0.00,NULL,NULL,0,'value','2026-03-01','2026-12-31',NULL,'low','not_started',0,0,18,3,'2026-02-01 05:29:06','2026-02-07 04:13:15');
INSERT INTO `goals` (`id`, `user_id`, `category_id`, `title`, `description`, `slogan`, `cover_image`, `target_value`, `current_value`, `unit`, `start_value`, `progress`, `progress_mode`, `start_date`, `target_date`, `completed_at`, `priority`, `status`, `is_pinned`, `is_core_goal`, `sort_order`, `orbit_scale`, `created_at`, `updated_at`) VALUES (9,1,4,'12 cuốn sách – 12 điểm dừng cho tâm trí','Ở trạng thái bình tĩnh và hiện diện, mình thường xuyên nhìn thấy hình ảnh bản thân ngồi đọc sách trong ánh đèn vàng buổi tối, hoặc bên cửa sổ ngày mưa, điện thoại để xa.\r\nMỗi tháng, mình chủ động chọn 1 cuốn sách, đọc chậm, có ghi chú, và cho phép bản thân đọc vì thích chứ không vì áp lực hoàn thành.','Mỗi tháng một cuốn – đủ chậm để thấm, đủ đều để đi xa.','/storage/goals/HPxu6kBBV7OVgwkXYGFCXDx0mpZktcw0Dk3UW8tC.jpg',12.00,0.00,'冊',NULL,0,'value','2026-01-01','2026-12-31',NULL,'medium','paused',0,0,19,3,'2026-02-01 06:16:55','2026-02-07 04:13:15');
INSERT INTO `goals` (`id`, `user_id`, `category_id`, `title`, `description`, `slogan`, `cover_image`, `target_value`, `current_value`, `unit`, `start_value`, `progress`, `progress_mode`, `start_date`, `target_date`, `completed_at`, `priority`, `status`, `is_pinned`, `is_core_goal`, `sort_order`, `orbit_scale`, `created_at`, `updated_at`) VALUES (10,1,5,'Lên đỉnh đều đặn, không áp lực tiền','Mình ở trong trạng thái cơ thể khỏe, tinh thần nhẹ. Mỗi tháng, mình xỏ giày leo núi, hít thở không khí rừng, bước từng bước vững vàng lên đỉnh. Mình chọn những chuyến đi vừa sức, vừa túi tiền, để thiên nhiên trở thành một phần nhịp sống chứ không phải một “xa xỉ phẩm”.','Ít nhưng đều – gần mà sâu','/storage/goals/y8tDIyrCDmy2XxZrPjgjKUbXXUePl0GbJ2Yn1aI3.jpg',12.00,2.00,'山頂',0.00,17,'value','2026-01-01','2026-12-31',NULL,'medium','paused',0,0,11,3,'2026-02-01 20:24:48','2026-02-07 04:13:15');
INSERT INTO `goals` (`id`, `user_id`, `category_id`, `title`, `description`, `slogan`, `cover_image`, `target_value`, `current_value`, `unit`, `start_value`, `progress`, `progress_mode`, `start_date`, `target_date`, `completed_at`, `priority`, `status`, `is_pinned`, `is_core_goal`, `sort_order`, `orbit_scale`, `created_at`, `updated_at`) VALUES (11,1,1,'Học đầu tư chứng khoán cơ bản cùng HIEU TV','Mình ở trạng thái bình tĩnh và chủ động với tiền bạc.\r\nMình hình dung bản thân hiểu rõ cách thị trường vận hành, biết nên làm gì và tránh điều gì khi đầu tư.\r\nMình từng bước học hết khóa, ghi chú lại tư duy cốt lõi và thực hành đầu tư một cách kỷ luật, không vội vàng.','Hiểu trước – vào tiền sau',NULL,5.00,0.00,'Module',NULL,0,'value','2026-01-01','2026-12-31',NULL,'high','in_progress',1,0,3,3,'2026-02-02 21:19:19','2026-02-07 04:13:15');
INSERT INTO `goals` (`id`, `user_id`, `category_id`, `title`, `description`, `slogan`, `cover_image`, `target_value`, `current_value`, `unit`, `start_value`, `progress`, `progress_mode`, `start_date`, `target_date`, `completed_at`, `priority`, `status`, `is_pinned`, `is_core_goal`, `sort_order`, `orbit_scale`, `created_at`, `updated_at`) VALUES (12,1,4,'14 Day Smartphone Filmmaker – Làm phim bằng điện thoại một cách chuyên nghiệp','Mình tự tin quay – dựng – kể chuyện bằng chính chiếc điện thoại của mình.\r\nMỗi ngày, mình học một kỹ năng cụ thể và thực hành ngay bằng video ngắn, ánh sáng đời thường, câu chuyện thật.\r\nSau 14 ngày, mình có tư duy làm phim rõ ràng, workflow gọn gàng và đủ nền tảng để làm YouTube, social content hoặc dự án cá nhân.','One day. One skill. One real video.',NULL,14.00,0.00,'日',NULL,0,'value','2026-03-01','2026-03-14',NULL,'medium','not_started',0,0,4,3,'2026-02-02 21:19:39','2026-02-07 04:13:15');
INSERT INTO `goals` (`id`, `user_id`, `category_id`, `title`, `description`, `slogan`, `cover_image`, `target_value`, `current_value`, `unit`, `start_value`, `progress`, `progress_mode`, `start_date`, `target_date`, `completed_at`, `priority`, `status`, `is_pinned`, `is_core_goal`, `sort_order`, `orbit_scale`, `created_at`, `updated_at`) VALUES (13,1,4,'học Weekend Youtuber by Video contentcreator',NULL,NULL,NULL,NULL,0.00,NULL,NULL,0,'value','2026-01-01','2026-12-31',NULL,'low','cancelled',0,0,9,3,'2026-02-02 21:20:29','2026-02-07 04:13:15');
INSERT INTO `goals` (`id`, `user_id`, `category_id`, `title`, `description`, `slogan`, `cover_image`, `target_value`, `current_value`, `unit`, `start_value`, `progress`, `progress_mode`, `start_date`, `target_date`, `completed_at`, `priority`, `status`, `is_pinned`, `is_core_goal`, `sort_order`, `orbit_scale`, `created_at`, `updated_at`) VALUES (14,1,6,'Vẽ đều đặn – giữ nhịp sáng tạo mỗi tuần','Mình ở trong trạng thái bình tĩnh và tập trung, ngồi một mình bên bàn vẽ nhỏ, ánh đèn vàng chiếu xuống giấy.\r\n\r\nMỗi tuần, mình dành ra một khoảng thời gian cố định để vẽ một bức tranh hoàn chỉnh, không áp lực đẹp – xấu, chỉ cần thành thật với cảm xúc của mình ở thời điểm đó.','Không cần giỏi hơn ai, chỉ cần đều với chính mình.',NULL,52.00,1.00,'枚',NULL,2,'value','2026-01-01','2026-12-31',NULL,'high','in_progress',1,0,0,3,'2026-02-02 21:20:58','2026-02-07 04:13:15');
INSERT INTO `goals` (`id`, `user_id`, `category_id`, `title`, `description`, `slogan`, `cover_image`, `target_value`, `current_value`, `unit`, `start_value`, `progress`, `progress_mode`, `start_date`, `target_date`, `completed_at`, `priority`, `status`, `is_pinned`, `is_core_goal`, `sort_order`, `orbit_scale`, `created_at`, `updated_at`) VALUES (15,1,4,'English for Travel – Speak with Ease','Mình giao tiếp bằng tiếng Anh một cách tự nhiên khi đi du lịch: tự tin hỏi đường, check-in khách sạn, gọi món, trò chuyện ngắn với người lạ mà không sợ sai.\r\nMình hình dung bản thân đứng ở sân bay, quán café, ga tàu – nói tiếng Anh chậm rãi, rõ ràng, đủ dùng và thoải mái.\r\nMình luyện nói tiếng Anh đều đặn mỗi ngày qua các tình huống du lịch thực tế, ưu tiên nói được hơn là nói hoàn hảo.','Enough English to go anywhere',NULL,NULL,0.00,NULL,NULL,0,'value','2026-06-01','2026-12-31',NULL,'low','not_started',0,0,10,3,'2026-02-02 21:24:05','2026-02-07 04:13:15');
INSERT INTO `goals` (`id`, `user_id`, `category_id`, `title`, `description`, `slogan`, `cover_image`, `target_value`, `current_value`, `unit`, `start_value`, `progress`, `progress_mode`, `start_date`, `target_date`, `completed_at`, `priority`, `status`, `is_pinned`, `is_core_goal`, `sort_order`, `orbit_scale`, `created_at`, `updated_at`) VALUES (16,1,3,'Kết nối đều đặn – yêu thương không gián đoạn','Mình ở xa nhưng không xa lòng. Mình hình dung những cuộc gọi nhẹ nhàng, nghe giọng nhau sau một ngày dài, chia sẻ những điều nhỏ nhặt và cảm giác được thuộc về. Mình chủ động giữ kết nối bằng cách gọi điện, hỏi han, lắng nghe – không vì nghĩa vụ, mà vì yêu thương.','Xa nhau về địa lý, gần nhau về tinh thần.',NULL,NULL,0.00,NULL,NULL,0,'milestone','2026-01-01','2026-12-31',NULL,'low','not_started',0,0,5,3,'2026-02-04 03:59:10','2026-02-07 04:13:15');
INSERT INTO `goals` (`id`, `user_id`, `category_id`, `title`, `description`, `slogan`, `cover_image`, `target_value`, `current_value`, `unit`, `start_value`, `progress`, `progress_mode`, `start_date`, `target_date`, `completed_at`, `priority`, `status`, `is_pinned`, `is_core_goal`, `sort_order`, `orbit_scale`, `created_at`, `updated_at`) VALUES (17,1,3,'Món quà mang cảm giác “được thấu hiểu”','Mình ở trong trạng thái bình thản và ấm áp, hình dung người thương mỉm cười khi mở món quà sinh nhật. Mình dành thời gian quan sát, lắng nghe và chuẩn bị từng chi tiết nhỏ, để món quà không chỉ là vật chất mà là cảm giác được quan tâm và trân trọng.','Không cần đắt tiền, chỉ cần đúng tim.',NULL,NULL,0.00,NULL,NULL,0,'value','2026-01-01','2026-12-31',NULL,'medium','not_started',0,0,6,3,'2026-02-04 03:59:38','2026-02-07 04:13:15');
INSERT INTO `goals` (`id`, `user_id`, `category_id`, `title`, `description`, `slogan`, `cover_image`, `target_value`, `current_value`, `unit`, `start_value`, `progress`, `progress_mode`, `start_date`, `target_date`, `completed_at`, `priority`, `status`, `is_pinned`, `is_core_goal`, `sort_order`, `orbit_scale`, `created_at`, `updated_at`) VALUES (18,1,8,'gia nhập lại 日本ユニセフ協会',NULL,NULL,NULL,NULL,0.00,NULL,NULL,0,'milestone','2026-01-01','2026-12-31',NULL,'low','not_started',0,0,7,3,'2026-02-04 04:06:19','2026-02-07 04:13:15');
INSERT INTO `goals` (`id`, `user_id`, `category_id`, `title`, `description`, `slogan`, `cover_image`, `target_value`, `current_value`, `unit`, `start_value`, `progress`, `progress_mode`, `start_date`, `target_date`, `completed_at`, `priority`, `status`, `is_pinned`, `is_core_goal`, `sort_order`, `orbit_scale`, `created_at`, `updated_at`) VALUES (19,1,7,'Sống cùng thiên nhiên một cách có ý thức','Mình ở trong trạng thái nhẹ và mở. Mình cảm nhận gió, ánh sáng, mặt đất và nhịp thở của thiên nhiên quanh mình. Mình chủ động bước ra ngoài – đi bộ, leo núi, ra biển hoặc chỉ đứng yên nhìn trời – như một cách kết nối và nạp lại năng lượng tinh thần.','Thiên nhiên là nơi mình trở về',NULL,72.00,0.00,'回',NULL,0,'value','2026-01-01','2026-12-31',NULL,'medium','not_started',0,0,8,3,'2026-02-04 04:12:31','2026-02-07 04:13:15');
INSERT INTO `goals` (`id`, `user_id`, `category_id`, `title`, `description`, `slogan`, `cover_image`, `target_value`, `current_value`, `unit`, `start_value`, `progress`, `progress_mode`, `start_date`, `target_date`, `completed_at`, `priority`, `status`, `is_pinned`, `is_core_goal`, `sort_order`, `orbit_scale`, `created_at`, `updated_at`) VALUES (20,1,5,'Công tác Fukuoka – Làm việc tập trung, sống gọn gàng','Mình ở trong trạng thái làm việc tập trung nhưng cơ thể vẫn nhẹ và tinh thần thoải mái. \r\n\r\nMình hình dung những buổi sáng chạy bộ ở Fukuoka, hít thở không khí trong lành trước giờ làm. \r\nSau giờ làm, mình đi ăn những món đặc sản địa phương, cảm nhận thành phố bằng nhịp sống chậm. \r\nCuối tuần, mình leo núi nhẹ hoặc đi solo trip, vừa khám phá vừa nạp lại năng lượng. \r\n\r\nMình làm việc trọn vẹn trong tuần và cho bản thân không gian sống đúng nghĩa.','Làm việc trọn vẹn, sống không vội.',NULL,NULL,0.00,NULL,NULL,0,'milestone','2026-02-09','2026-02-28',NULL,'medium','not_started',1,0,2,3,'2026-02-04 19:27:01','2026-02-07 04:13:15');
INSERT INTO `categories` (`id`, `name`, `name_ja`, `slug`, `description`, `icon`, `color`, `sort_order`, `is_default`, `created_at`, `updated_at`) VALUES (1,'Career & Finance','キャリア・財務','career-finance','Career growth, income, investments, debt management','💰','#10B981',1,1,'2026-02-01 05:29:06','2026-02-01 05:29:06');
INSERT INTO `categories` (`id`, `name`, `name_ja`, `slug`, `description`, `icon`, `color`, `sort_order`, `is_default`, `created_at`, `updated_at`) VALUES (2,'Health & Fitness','健康・フィットネス','health-fitness','Physical health, exercise, nutrition, wellness','🏃','#EF4444',2,1,'2026-02-01 05:29:06','2026-02-01 05:29:06');
INSERT INTO `categories` (`id`, `name`, `name_ja`, `slug`, `description`, `icon`, `color`, `sort_order`, `is_default`, `created_at`, `updated_at`) VALUES (3,'Relationships','人間関係','relationships','Family, friends, romantic relationships, networking','❤️','#EC4899',3,1,'2026-02-01 05:29:06','2026-02-01 05:29:06');
INSERT INTO `categories` (`id`, `name`, `name_ja`, `slug`, `description`, `icon`, `color`, `sort_order`, `is_default`, `created_at`, `updated_at`) VALUES (4,'Personal Growth','自己成長','personal-growth','Learning, skills, certifications, self-improvement','📚','#8B5CF6',4,1,'2026-02-01 05:29:06','2026-02-01 05:29:06');
INSERT INTO `categories` (`id`, `name`, `name_ja`, `slug`, `description`, `icon`, `color`, `sort_order`, `is_default`, `created_at`, `updated_at`) VALUES (5,'Travel & Experiences','旅行・体験','travel-experiences','Travel goals, adventures, new experiences','✈️','#F59E0B',5,1,'2026-02-01 05:29:06','2026-02-01 05:29:06');
INSERT INTO `categories` (`id`, `name`, `name_ja`, `slug`, `description`, `icon`, `color`, `sort_order`, `is_default`, `created_at`, `updated_at`) VALUES (6,'Creativity & Hobbies','創造性・趣味','creativity-hobbies','Creative projects, hobbies, side projects','🎨','#06B6D4',6,1,'2026-02-01 05:29:06','2026-02-01 05:29:06');
INSERT INTO `categories` (`id`, `name`, `name_ja`, `slug`, `description`, `icon`, `color`, `sort_order`, `is_default`, `created_at`, `updated_at`) VALUES (7,'Mindfulness & Spirituality','マインドフルネス','mindfulness-spirituality','Meditation, gratitude, mental health, spiritual growth','🧘','#6366F1',7,1,'2026-02-01 05:29:06','2026-02-01 05:29:06');
INSERT INTO `categories` (`id`, `name`, `name_ja`, `slug`, `description`, `icon`, `color`, `sort_order`, `is_default`, `created_at`, `updated_at`) VALUES (8,'Giving Back','社会貢献','giving-back','Charity, volunteering, community contribution','🤝','#84CC16',8,1,'2026-02-01 05:29:06','2026-02-01 05:29:06');
INSERT INTO `milestones` (`id`, `goal_id`, `title`, `description`, `memo`, `image_path`, `target_value`, `due_date`, `completed_at`, `is_completed`, `sort_order`, `is_soft`, `created_at`, `updated_at`) VALUES (9,3,'10 Push-ups liên tục',NULL,NULL,NULL,NULL,'2026-02-28',NULL,0,1,0,'2026-02-01 05:29:06','2026-02-01 05:29:06');
INSERT INTO `milestones` (`id`, `goal_id`, `title`, `description`, `memo`, `image_path`, `target_value`, `due_date`, `completed_at`, `is_completed`, `sort_order`, `is_soft`, `created_at`, `updated_at`) VALUES (10,3,'5 Pull-ups liên tục',NULL,NULL,NULL,NULL,'2026-04-30',NULL,0,2,0,'2026-02-01 05:29:06','2026-02-01 05:29:06');
INSERT INTO `milestones` (`id`, `goal_id`, `title`, `description`, `memo`, `image_path`, `target_value`, `due_date`, `completed_at`, `is_completed`, `sort_order`, `is_soft`, `created_at`, `updated_at`) VALUES (11,3,'Body fat 25%',NULL,NULL,NULL,NULL,'2026-06-30',NULL,0,3,0,'2026-02-01 05:29:06','2026-02-01 05:29:06');
INSERT INTO `milestones` (`id`, `goal_id`, `title`, `description`, `memo`, `image_path`, `target_value`, `due_date`, `completed_at`, `is_completed`, `sort_order`, `is_soft`, `created_at`, `updated_at`) VALUES (12,3,'20 Push-ups, 10 Pull-ups',NULL,NULL,NULL,NULL,'2026-09-30',NULL,0,4,0,'2026-02-01 05:29:06','2026-02-01 05:29:06');
INSERT INTO `milestones` (`id`, `goal_id`, `title`, `description`, `memo`, `image_path`, `target_value`, `due_date`, `completed_at`, `is_completed`, `sort_order`, `is_soft`, `created_at`, `updated_at`) VALUES (13,3,'Body fat 20%',NULL,NULL,NULL,NULL,'2026-12-31',NULL,0,5,0,'2026-02-01 05:29:06','2026-02-01 05:29:06');
INSERT INTO `milestones` (`id`, `goal_id`, `title`, `description`, `memo`, `image_path`, `target_value`, `due_date`, `completed_at`, `is_completed`, `sort_order`, `is_soft`, `created_at`, `updated_at`) VALUES (18,5,'Nghiên cứu các chứng chỉ Agile',NULL,NULL,NULL,NULL,'2026-04-30',NULL,0,1,0,'2026-02-01 05:29:06','2026-02-01 05:29:06');
INSERT INTO `milestones` (`id`, `goal_id`, `title`, `description`, `memo`, `image_path`, `target_value`, `due_date`, `completed_at`, `is_completed`, `sort_order`, `is_soft`, `created_at`, `updated_at`) VALUES (19,5,'Học Scrum Guide',NULL,NULL,NULL,NULL,'2026-07-31',NULL,0,2,0,'2026-02-01 05:29:06','2026-02-01 05:29:06');
INSERT INTO `milestones` (`id`, `goal_id`, `title`, `description`, `memo`, `image_path`, `target_value`, `due_date`, `completed_at`, `is_completed`, `sort_order`, `is_soft`, `created_at`, `updated_at`) VALUES (20,5,'Làm mock exams',NULL,NULL,NULL,NULL,'2026-10-31',NULL,0,3,0,'2026-02-01 05:29:06','2026-02-01 05:29:06');
INSERT INTO `milestones` (`id`, `goal_id`, `title`, `description`, `memo`, `image_path`, `target_value`, `due_date`, `completed_at`, `is_completed`, `sort_order`, `is_soft`, `created_at`, `updated_at`) VALUES (21,5,'Thi và đậu!',NULL,NULL,NULL,NULL,'2026-12-31',NULL,0,4,0,'2026-02-01 05:29:06','2026-02-01 05:29:06');
INSERT INTO `milestones` (`id`, `goal_id`, `title`, `description`, `memo`, `image_path`, `target_value`, `due_date`, `completed_at`, `is_completed`, `sort_order`, `is_soft`, `created_at`, `updated_at`) VALUES (31,8,'Chuẩn bị tinh thần & khung kế hoạch',NULL,NULL,NULL,NULL,'2026-05-31',NULL,0,1,0,'2026-02-01 05:29:06','2026-02-02 19:11:33');
INSERT INTO `milestones` (`id`, `goal_id`, `title`, `description`, `memo`, `image_path`, `target_value`, `due_date`, `completed_at`, `is_completed`, `sort_order`, `is_soft`, `created_at`, `updated_at`) VALUES (32,8,'Tài chính & vé',NULL,NULL,NULL,NULL,'2026-08-31',NULL,0,2,0,'2026-02-01 05:29:06','2026-02-02 19:12:20');
INSERT INTO `milestones` (`id`, `goal_id`, `title`, `description`, `memo`, `image_path`, `target_value`, `due_date`, `completed_at`, `is_completed`, `sort_order`, `is_soft`, `created_at`, `updated_at`) VALUES (33,8,'Chỗ ở & lịch trình nhẹ',NULL,NULL,NULL,NULL,'2026-10-31',NULL,0,3,0,'2026-02-01 05:29:06','2026-02-02 19:13:02');
INSERT INTO `milestones` (`id`, `goal_id`, `title`, `description`, `memo`, `image_path`, `target_value`, `due_date`, `completed_at`, `is_completed`, `sort_order`, `is_soft`, `created_at`, `updated_at`) VALUES (34,8,'Hoàn thiện & chuẩn bị cá nhân',NULL,NULL,NULL,NULL,'2026-11-30',NULL,0,4,0,'2026-02-01 05:29:06','2026-02-02 19:13:44');
INSERT INTO `milestones` (`id`, `goal_id`, `title`, `description`, `memo`, `image_path`, `target_value`, `due_date`, `completed_at`, `is_completed`, `sort_order`, `is_soft`, `created_at`, `updated_at`) VALUES (35,8,'Go to Hong Kong! 🇭🇰',NULL,NULL,NULL,NULL,'2026-12-15',NULL,0,5,1,'2026-02-01 05:29:06','2026-02-02 19:14:26');
INSERT INTO `milestones` (`id`, `goal_id`, `title`, `description`, `memo`, `image_path`, `target_value`, `due_date`, `completed_at`, `is_completed`, `sort_order`, `is_soft`, `created_at`, `updated_at`) VALUES (36,9,'BOOK REVIEW TEMPLATE','đọc xong là viết được ngay, không áp lực “review hay”','- VI version\r\n    \r\n    ## 1. Thông tin sách\r\n    \r\n    - **Tên sách:**\r\n    - **Tác giả:**\r\n    - **Thể loại:**\r\n    - **Thời điểm đọc:**\r\n    - **Hoàn cảnh đọc:**\r\n    \r\n    ---\r\n    \r\n    ## 2. Cảm giác còn lại sau khi gấp sách\r\n    \r\n    > (1–3 câu, chỉ nói cảm giác, không phân tích)\r\n    > \r\n    \r\n    ---\r\n    \r\n    ## 3. Cuốn sách này nói về điều gì?\r\n    \r\n    > (mô tả ngắn gọn, tránh tóm tắt dài)\r\n    > \r\n    \r\n    **Công thức gợi ý:**\r\n    \r\n    > Đây là cuốn sách về …, xoay quanh …, dưới góc nhìn …\r\n    > \r\n    \r\n    ---\r\n    \r\n    ## 4. Những đoạn / ý làm mình dừng lại\r\n    \r\n    - \r\n    - \r\n    - \r\n    \r\n    *(trích nguyên văn hoặc diễn giải lại)*\r\n    \r\n    ---\r\n    \r\n    ## 5. Cuốn sách chạm vào mình ở đâu?\r\n    \r\n    > (trả lời ít nhất 1 ý)\r\n    > \r\n    - Nó chạm vào một suy nghĩ cũ / nỗi lo / giai đoạn nào của mình?\r\n    - Nó xác nhận hay làm mình nghi ngờ điều gì?\r\n    \r\n    ---\r\n    \r\n    ## 6. Sau khi đọc, mình thay đổi điều gì?\r\n    \r\n    > (rất nhỏ cũng được)\r\n    > \r\n    - Một suy nghĩ mới:\r\n    - Một hành động / thái độ:\r\n    \r\n    ---\r\n    \r\n    ## 7. Cuốn sách này dành cho ai?\r\n    \r\n    - Phù hợp với:\r\n    - Có thể chưa phù hợp nếu:\r\n    \r\n    ---\r\n    \r\n    ## 8. Đánh giá cá nhân\r\n    \r\n    - ⭐⭐⭐⭐☆\r\n    - Có / không đọc lại\r\n    - Có / không giới thiệu\r\n    \r\n    ---\r\n    \r\n    ## 9. Một câu để khép lại\r\n    \r\n    > (1 câu duy nhất – như đặt cuốn sách trở lại kệ)\r\n    > \r\n    \r\n    ---\r\n    \r\n    ### 🔖 Ghi chú thêm (tuỳ chọn)\r\n    \r\n    - Từ khóa của cuốn sách:\r\n    - Nếu đọc lại, mình muốn đọc chậm ở chương:\r\n    \r\n    ---\r\n    \r\n    ## 📌 Cách dùng template này cho mượt (gợi ý nhỏ)\r\n    \r\n    - Không cần viết đủ 100% mỗi lần\r\n    - **Bắt buộc có:** mục 2 – 5 – 9\r\n    - Mỗi review coi như **1 cuộc trò chuyện đã kết thúc**, không cần “hay”',NULL,12.00,'2026-12-31',NULL,0,5,1,'2026-02-02 18:44:44','2026-02-03 06:31:56');
INSERT INTO `milestones` (`id`, `goal_id`, `title`, `description`, `memo`, `image_path`, `target_value`, `due_date`, `completed_at`, `is_completed`, `sort_order`, `is_soft`, `created_at`, `updated_at`) VALUES (37,9,'Khởi động thói quen','Trọng tâm: đọc đều, không cần nhanh',NULL,NULL,3.00,'2026-03-31',NULL,0,1,0,'2026-02-02 18:54:32','2026-02-03 06:31:56');
INSERT INTO `milestones` (`id`, `goal_id`, `title`, `description`, `memo`, `image_path`, `target_value`, `due_date`, `completed_at`, `is_completed`, `sort_order`, `is_soft`, `created_at`, `updated_at`) VALUES (38,9,'Vào nhịp','Trọng tâm: đọc + suy nghĩ',NULL,NULL,NULL,'2026-06-30',NULL,0,2,0,'2026-02-02 18:55:57','2026-02-03 06:31:56');
INSERT INTO `milestones` (`id`, `goal_id`, `title`, `description`, `memo`, `image_path`, `target_value`, `due_date`, `completed_at`, `is_completed`, `sort_order`, `is_soft`, `created_at`, `updated_at`) VALUES (39,9,'Đọc có chiều sâu','Chất lượng hơn số lượng',NULL,NULL,NULL,'2026-09-30',NULL,0,3,0,'2026-02-02 18:57:39','2026-02-03 06:31:56');
INSERT INTO `milestones` (`id`, `goal_id`, `title`, `description`, `memo`, `image_path`, `target_value`, `due_date`, `completed_at`, `is_completed`, `sort_order`, `is_soft`, `created_at`, `updated_at`) VALUES (40,9,'Khép năm','Tổng kết & ý nghĩa',NULL,NULL,NULL,'2026-12-31',NULL,0,4,0,'2026-02-02 18:58:35','2026-02-03 06:31:56');
INSERT INTO `milestones` (`id`, `goal_id`, `title`, `description`, `memo`, `image_path`, `target_value`, `due_date`, `completed_at`, `is_completed`, `sort_order`, `is_soft`, `created_at`, `updated_at`) VALUES (41,2,'Ổn định nền & bảo vệ cơ thể',NULL,'Duy trì nhịp chạy đều theo daily training hiện tại\r\nKhông chấn thương, không đau âm ỉ kéo dài',NULL,NULL,'2026-02-01','2026-02-03 00:20:07',1,1,0,'2026-02-02 19:38:21','2026-02-03 00:20:07');
INSERT INTO `milestones` (`id`, `goal_id`, `title`, `description`, `memo`, `image_path`, `target_value`, `due_date`, `completed_at`, `is_completed`, `sort_order`, `is_soft`, `created_at`, `updated_at`) VALUES (42,2,'Tăng sức bền có kiểm soát',NULL,'Làm quen cảm giác “chạy khi mệt”\nBắt đầu mô phỏng race conditions',NULL,NULL,'2026-02-15',NULL,0,2,0,'2026-02-02 19:40:13','2026-02-02 19:40:13');
INSERT INTO `milestones` (`id`, `goal_id`, `title`, `description`, `memo`, `image_path`, `target_value`, `due_date`, `completed_at`, `is_completed`, `sort_order`, `is_soft`, `created_at`, `updated_at`) VALUES (43,2,'Peak phase',NULL,'Chứng minh: “mình có thể hoàn thành marathon”',NULL,NULL,'2026-03-01',NULL,0,3,0,'2026-02-02 19:41:17','2026-02-02 19:42:03');
INSERT INTO `milestones` (`id`, `goal_id`, `title`, `description`, `memo`, `image_path`, `target_value`, `due_date`, `completed_at`, `is_completed`, `sort_order`, `is_soft`, `created_at`, `updated_at`) VALUES (44,2,'Taper',NULL,'Giữ cảm giác chân, nạp năng lượng',NULL,NULL,'2026-03-14',NULL,0,4,0,'2026-02-02 19:42:25','2026-02-02 19:42:25');
INSERT INTO `milestones` (`id`, `goal_id`, `title`, `description`, `memo`, `image_path`, `target_value`, `due_date`, `completed_at`, `is_completed`, `sort_order`, `is_soft`, `created_at`, `updated_at`) VALUES (45,2,'Race Day',NULL,'Finish an toàn – không DNF – không chấn thương',NULL,NULL,'2026-03-15',NULL,0,5,1,'2026-02-02 19:43:18','2026-02-02 19:43:18');
INSERT INTO `milestones` (`id`, `goal_id`, `title`, `description`, `memo`, `image_path`, `target_value`, `due_date`, `completed_at`, `is_completed`, `sort_order`, `is_soft`, `created_at`, `updated_at`) VALUES (46,14,'Khởi động thói quen vẽ đều','Hoàn thành 4 bức tranh đầu tiên để làm quen với nhịp vẽ hàng tuần, ưu tiên hoàn thành hơn là chất lượng.','- Có thể vẽ rất đơn giản\n- hông sửa quá 1 lần\n- Quan trọng là “vẽ xong”',NULL,4.00,'2026-01-31',NULL,0,1,0,'2026-02-03 22:42:17','2026-02-03 22:42:17');
INSERT INTO `milestones` (`id`, `goal_id`, `title`, `description`, `memo`, `image_path`, `target_value`, `due_date`, `completed_at`, `is_completed`, `sort_order`, `is_soft`, `created_at`, `updated_at`) VALUES (47,14,'Giữ nhịp và quan sát phong cách','Duy trì vẽ đều mỗi tuần và bắt đầu nhận ra nét vẽ, chủ đề lặp lại của bản thân.','- Không so sánh các tranh với nhau\n- Chỉ ghi nhận sự khác biệt',NULL,12.00,'2026-03-31',NULL,0,2,0,'2026-02-03 22:43:30','2026-02-03 22:43:30');
INSERT INTO `milestones` (`id`, `goal_id`, `title`, `description`, `memo`, `image_path`, `target_value`, `due_date`, `completed_at`, `is_completed`, `sort_order`, `is_soft`, `created_at`, `updated_at`) VALUES (48,14,'Vẽ nhanh hơn, ít do dự hơn','Hoàn thành một nửa chặng đường, thời gian bắt đầu vẽ nhanh và tự nhiên hơn.','- Cho phép vẽ trong 30–60 phút\n- Không cần đợi “có cảm hứng”',NULL,26.00,'2026-06-30',NULL,0,3,0,'2026-02-03 22:44:17','2026-02-03 22:44:17');
INSERT INTO `milestones` (`id`, `goal_id`, `title`, `description`, `memo`, `image_path`, `target_value`, `due_date`, `completed_at`, `is_completed`, `sort_order`, `is_soft`, `created_at`, `updated_at`) VALUES (49,14,'Thử nghiệm & mở rộng','Bắt đầu thử chất liệu, màu sắc hoặc cách vẽ mới nhưng vẫn giữ nhịp 1 tranh / tuần.','- Thử nhưng không ép\n- Có thể quay lại cách cũ bất cứ lúc nào',NULL,39.00,'2026-09-30',NULL,0,4,0,'2026-02-03 22:45:21','2026-02-03 22:45:21');
INSERT INTO `milestones` (`id`, `goal_id`, `title`, `description`, `memo`, `image_path`, `target_value`, `due_date`, `completed_at`, `is_completed`, `sort_order`, `is_soft`, `created_at`, `updated_at`) VALUES (50,14,'Hoàn thành một năm vẽ đều','Khép lại năm 2026 với 52 bức tranh – một hành trình vẽ đều và trung thực với chính mình.','- Không cần tổng kết quá nhiều\n- Chỉ cần nhìn lại',NULL,52.00,'2026-12-31',NULL,0,5,0,'2026-02-03 22:46:14','2026-02-03 22:46:14');
INSERT INTO `milestones` (`id`, `goal_id`, `title`, `description`, `memo`, `image_path`, `target_value`, `due_date`, `completed_at`, `is_completed`, `sort_order`, `is_soft`, `created_at`, `updated_at`) VALUES (51,15,'Làm quen & phản xạ với tiếng Anh du lịch cơ bản','Nắm được các mẫu câu thiết yếu và bắt đầu phản xạ nói không ngại sai','Tập trung: sân bay – khách sạn – quán ăn\r\nKhông học ngữ pháp sâu',NULL,NULL,NULL,NULL,0,1,0,'2026-02-03 23:25:18','2026-02-04 21:50:39');
INSERT INTO `milestones` (`id`, `goal_id`, `title`, `description`, `memo`, `image_path`, `target_value`, `due_date`, `completed_at`, `is_completed`, `sort_order`, `is_soft`, `created_at`, `updated_at`) VALUES (52,19,'Làm quen với việc kết nối thiên nhiên hàng tuần','Tạo thói quen ra ngoài và ở cùng thiên nhiên một cách có ý thức.','Không cần đi xa. Công viên, con đường yên tĩnh, bờ sông hay bãi biển gần nhà đều được. Chỉ cần có mặt trọn vẹn, không vội vàng, không multitask.',NULL,12.00,'2026-03-31',NULL,0,1,0,'2026-02-04 04:13:27','2026-02-04 16:20:40');
INSERT INTO `milestones` (`id`, `goal_id`, `title`, `description`, `memo`, `image_path`, `target_value`, `due_date`, `completed_at`, `is_completed`, `sort_order`, `is_soft`, `created_at`, `updated_at`) VALUES (53,19,'Mở rộng thời gian và không gian ở cùng thiên nhiên','Kết nối thiên nhiên với sự quan sát sâu hơn.','Chú ý ánh sáng, gió, âm thanh xung quanh và cảm giác cơ thể khi di chuyển. Không nghe nhạc, không podcast.',NULL,18.00,'2026-06-30',NULL,0,2,0,'2026-02-04 04:13:35','2026-02-04 16:21:35');
INSERT INTO `milestones` (`id`, `goal_id`, `title`, `description`, `memo`, `image_path`, `target_value`, `due_date`, `completed_at`, `is_completed`, `sort_order`, `is_soft`, `created_at`, `updated_at`) VALUES (54,19,'Ghi nhận cảm xúc sau mỗi lần kết nối thiên nhiên','Kết hợp thiên nhiên với việc ghi nhận nội tâm.','Có thể viết vài dòng, ghi chú nhanh hoặc chụp một tấm ảnh làm dấu mốc. Không cần phân tích hay đánh giá.',NULL,18.00,'2026-09-30',NULL,0,3,0,'2026-02-04 04:13:43','2026-02-04 16:22:18');
INSERT INTO `milestones` (`id`, `goal_id`, `title`, `description`, `memo`, `image_path`, `target_value`, `due_date`, `completed_at`, `is_completed`, `sort_order`, `is_soft`, `created_at`, `updated_at`) VALUES (55,19,'Quay lại những nơi thiên nhiên quen thuộc','Xây dựng mối liên kết dài hạn với một vài không gian thiên nhiên.','Quan sát sự thay đổi của cảnh vật theo mùa và cảm nhận sự thay đổi bên trong mình.',NULL,24.00,'2026-12-31',NULL,0,4,0,'2026-02-04 04:13:51','2026-02-04 16:23:27');
INSERT INTO `milestones` (`id`, `goal_id`, `title`, `description`, `memo`, `image_path`, `target_value`, `due_date`, `completed_at`, `is_completed`, `sort_order`, `is_soft`, `created_at`, `updated_at`) VALUES (56,12,'Day 1–2: Universal Camera Settings','Hiểu và làm chủ camera setting trên smartphone','Exposure, FPS, Resolution, White Balance – áp dụng trên chính điện thoại đang dùng',NULL,2.00,'2026-03-02',NULL,0,1,0,'2026-02-04 16:41:38','2026-02-06 05:48:20');
INSERT INTO `milestones` (`id`, `goal_id`, `title`, `description`, `memo`, `image_path`, `target_value`, `due_date`, `completed_at`, `is_completed`, `sort_order`, `is_soft`, `created_at`, `updated_at`) VALUES (57,12,'Day 3–4: Gear & Composition','Biết dùng gear tối giản + bố cục hình ảnh có chủ ý','Tripod, mic, ánh sáng cơ bản + rule of thirds, leading lines',NULL,2.00,'2026-03-04',NULL,0,2,0,'2026-02-04 16:42:19','2026-02-06 05:48:29');
INSERT INTO `milestones` (`id`, `goal_id`, `title`, `description`, `memo`, `image_path`, `target_value`, `due_date`, `completed_at`, `is_completed`, `sort_order`, `is_soft`, `created_at`, `updated_at`) VALUES (58,12,'Day 5–7: Movement, Lighting & Audio','Tạo cảm giác cinematic bằng chuyển động, ánh sáng và âm thanh','Pan, tilt, handheld; ánh sáng tự nhiên; thu audio sạch',NULL,3.00,'2026-03-07',NULL,0,3,0,'2026-02-04 16:43:00','2026-02-06 05:48:39');
INSERT INTO `milestones` (`id`, `goal_id`, `title`, `description`, `memo`, `image_path`, `target_value`, `due_date`, `completed_at`, `is_completed`, `sort_order`, `is_soft`, `created_at`, `updated_at`) VALUES (59,12,'Day 8–11: Storytelling & Editing','Kể chuyện bằng hình ảnh và dựng video mạch lạc','Story arc, nhịp dựng, intro – outro, workflow edit',NULL,4.00,'2026-03-11',NULL,0,4,0,'2026-02-04 16:43:38','2026-02-06 05:48:48');
INSERT INTO `milestones` (`id`, `goal_id`, `title`, `description`, `memo`, `image_path`, `target_value`, `due_date`, `completed_at`, `is_completed`, `sort_order`, `is_soft`, `created_at`, `updated_at`) VALUES (60,12,'Day 12–14: Publishing & Commercial Thinking','Ứng dụng video cho YouTube, social và commercial','Audience, format, branding, tư duy làm việc chuyên nghiệp',NULL,3.00,'2026-03-14',NULL,0,5,0,'2026-02-04 16:44:22','2026-02-06 05:48:56');
INSERT INTO `milestones` (`id`, `goal_id`, `title`, `description`, `memo`, `image_path`, `target_value`, `due_date`, `completed_at`, `is_completed`, `sort_order`, `is_soft`, `created_at`, `updated_at`) VALUES (63,1,'Khởi động lại – trả nợ thẻ đều 3 tháng','Xây nhịp trả nợ ổn định, không đứt gãy','Quan trọng hơn số tiền là: mình không trốn tránh nữa.',NULL,150000.00,'2026-04-30',NULL,0,1,0,'2026-02-04 16:56:01','2026-02-04 17:41:41');
INSERT INTO `milestones` (`id`, `goal_id`, `title`, `description`, `memo`, `image_path`, `target_value`, `due_date`, `completed_at`, `is_completed`, `sort_order`, `is_soft`, `created_at`, `updated_at`) VALUES (64,1,'Cán mốc 30万円 nợ Credit Card','Nhìn thấy nợ giảm rõ ràng lần đầu.','Mình không nhanh, nhưng mình không đứng yên.',NULL,300000.00,'2026-06-30',NULL,0,2,0,'2026-02-04 16:58:13','2026-02-04 16:58:13');
INSERT INTO `milestones` (`id`, `goal_id`, `title`, `description`, `memo`, `image_path`, `target_value`, `due_date`, `completed_at`, `is_completed`, `sort_order`, `is_soft`, `created_at`, `updated_at`) VALUES (65,1,'Dùng bonus tháng 7 để đẩy mạnh trả nợ thẻ','Tận dụng tiền bonus để giảm mạnh nợ có lãi.','Bonus không phải để tiêu cho quên mệt, mà để nhẹ đầu hơn.',NULL,450000.00,'2026-07-10',NULL,0,3,0,'2026-02-04 16:58:45','2026-02-04 17:42:48');
INSERT INTO `milestones` (`id`, `goal_id`, `title`, `description`, `memo`, `image_path`, `target_value`, `due_date`, `completed_at`, `is_completed`, `sort_order`, `is_soft`, `created_at`, `updated_at`) VALUES (66,1,'Giữ nhịp trả nợ sau bonus','Không chững lại sau khi đã “được thêm tiền”.','Quan trọng là không quay lại trạng thái buông xuôi.',NULL,600000.00,'2026-10-31',NULL,0,4,0,'2026-02-04 16:59:12','2026-02-04 17:43:33');
INSERT INTO `milestones` (`id`, `goal_id`, `title`, `description`, `memo`, `image_path`, `target_value`, `due_date`, `completed_at`, `is_completed`, `sort_order`, `is_soft`, `created_at`, `updated_at`) VALUES (67,1,'Bonus cuối năm – củng cố chiến thắng','Dùng bonus tháng 12 để trả thêm nợ thẻ / nợ không lãi.','Mình kết thúc năm với cảm giác chủ động, không né tránh.',NULL,750000.00,'2026-12-31',NULL,0,5,0,'2026-02-04 16:59:33','2026-02-04 17:44:19');
INSERT INTO `milestones` (`id`, `goal_id`, `title`, `description`, `memo`, `image_path`, `target_value`, `due_date`, `completed_at`, `is_completed`, `sort_order`, `is_soft`, `created_at`, `updated_at`) VALUES (68,1,'Kết năm 2026: không bỏ chạy khỏi nợ','Không cần sạch nợ, nhưng mình đã đi đúng hướng.','2027 là năm tăng tốc, không phải bắt đầu lại.',NULL,900000.00,'2026-12-31',NULL,0,6,0,'2026-02-04 17:00:24','2026-02-04 17:44:53');
INSERT INTO `milestones` (`id`, `goal_id`, `title`, `description`, `memo`, `image_path`, `target_value`, `due_date`, `completed_at`, `is_completed`, `sort_order`, `is_soft`, `created_at`, `updated_at`) VALUES (69,10,'Hoàn thành 3 lần leo núi gần','Duy trì nhịp leo núi hàng tháng bằng các chuyến đi gần, chi phí thấp.','Ưu tiên núi đi về trong ngày, không thuê xe, không ở lại qua đêm.',NULL,3.00,'2026-03-31',NULL,0,1,0,'2026-02-04 19:09:38','2026-02-04 19:09:38');
INSERT INTO `milestones` (`id`, `goal_id`, `title`, `description`, `memo`, `image_path`, `target_value`, `due_date`, `completed_at`, `is_completed`, `sort_order`, `is_soft`, `created_at`, `updated_at`) VALUES (70,10,'Hoàn thành 1 chuyến núi xa đầu năm','Thử một chuyến núi xa để đổi cảnh, đổi nhịp.','Thuê xe ~7千円/người, đi 2 ngày 1 đêm, không phát sinh thêm.',NULL,1.00,'2026-06-30',NULL,0,2,0,'2026-02-04 19:10:48','2026-02-04 19:10:48');
INSERT INTO `milestones` (`id`, `goal_id`, `title`, `description`, `memo`, `image_path`, `target_value`, `due_date`, `completed_at`, `is_completed`, `sort_order`, `is_soft`, `created_at`, `updated_at`) VALUES (71,10,'Duy trì nhịp đều đến cuối năm','Giữ nhịp leo núi ổn định dù bận rộn hay tiết kiệm.','Không cần núi cao hơn, chỉ cần đều.',NULL,8.00,'2026-12-31',NULL,0,3,0,'2026-02-04 19:11:31','2026-02-04 19:11:31');
INSERT INTO `milestones` (`id`, `goal_id`, `title`, `description`, `memo`, `image_path`, `target_value`, `due_date`, `completed_at`, `is_completed`, `sort_order`, `is_soft`, `created_at`, `updated_at`) VALUES (72,6,'Ổn định CSS ≥ 85 cho các project đầu năm','Giữ chất lượng giao tiếp và tiến độ ổn định','- Không vội, không đoán ý khách\n- Ưu tiên rõ ràng hơn nhanh',NULL,85.00,'2026-03-31',NULL,0,1,0,'2026-02-04 19:20:09','2026-02-04 19:20:09');
INSERT INTO `milestones` (`id`, `goal_id`, `title`, `description`, `memo`, `image_path`, `target_value`, `due_date`, `completed_at`, `is_completed`, `sort_order`, `is_soft`, `created_at`, `updated_at`) VALUES (73,6,'Đạt CSS ≥ 90 ở đánh giá giữa năm','Khách hài lòng về cả kết quả và cách làm việc','- Chủ động báo rủi ro sớm\n- Update đều, không để khách phải hỏi',NULL,90.00,'2026-06-30',NULL,0,2,0,'2026-02-04 19:20:56','2026-02-04 19:20:56');
INSERT INTO `milestones` (`id`, `goal_id`, `title`, `description`, `memo`, `image_path`, `target_value`, `due_date`, `completed_at`, `is_completed`, `sort_order`, `is_soft`, `created_at`, `updated_at`) VALUES (74,6,'CSS ≥ 95 cho các project nửa cuối năm','Làm việc mượt, ít sửa, ít hiểu nhầm','Tập trung vào “trải nghiệm làm việc của khách”',NULL,95.00,'2026-09-30',NULL,0,3,0,'2026-02-04 19:21:32','2026-02-04 19:21:32');
INSERT INTO `milestones` (`id`, `goal_id`, `title`, `description`, `memo`, `image_path`, `target_value`, `due_date`, `completed_at`, `is_completed`, `sort_order`, `is_soft`, `created_at`, `updated_at`) VALUES (75,6,'Project CSS 100','Khách đánh giá rất hài lòng','- Không cầu toàn, nhưng chỉn chu\n- Tin vào năng lực của mình',NULL,100.00,'2026-12-31',NULL,0,4,0,'2026-02-04 19:22:11','2026-02-04 19:22:11');
INSERT INTO `milestones` (`id`, `goal_id`, `title`, `description`, `memo`, `image_path`, `target_value`, `due_date`, `completed_at`, `is_completed`, `sort_order`, `is_soft`, `created_at`, `updated_at`) VALUES (76,20,'Week 0 – Chuẩn bị tại Osaka','Ổn định nhịp sống, hoàn tất mọi chuẩn bị trước khi đi công tác.','Không mang việc lặt vặt sang Fukuoka.',NULL,NULL,'2026-02-08',NULL,0,1,0,'2026-02-04 19:50:49','2026-02-04 22:25:59');
INSERT INTO `milestones` (`id`, `goal_id`, `title`, `description`, `memo`, `image_path`, `target_value`, `due_date`, `completed_at`, `is_completed`, `sort_order`, `is_soft`, `created_at`, `updated_at`) VALUES (77,20,'Week 1 – Khởi động tại Fukuoka','Làm quen môi trường, vào nhịp làm việc.','Lịch công tác ổn định + bắt đầu chạy bộ',NULL,NULL,'2026-02-15',NULL,0,2,0,'2026-02-04 19:52:01','2026-02-04 20:00:04');
INSERT INTO `milestones` (`id`, `goal_id`, `title`, `description`, `memo`, `image_path`, `target_value`, `due_date`, `completed_at`, `is_completed`, `sort_order`, `is_soft`, `created_at`, `updated_at`) VALUES (78,20,'Week 2 – Triển khai chính','Xử lý phần việc quan trọng nhất của chuyến công tác. Hoàn thiện các phần còn lại, xử lý phát sinh.','Cân bằng giữa công việc và sống. 90% công việc + 1 chuyến leo núi / solo trip',NULL,NULL,'2026-02-22',NULL,0,3,0,'2026-02-04 19:55:14','2026-02-04 20:01:07');
INSERT INTO `milestones` (`id`, `goal_id`, `title`, `description`, `memo`, `image_path`, `target_value`, `due_date`, `completed_at`, `is_completed`, `sort_order`, `is_soft`, `created_at`, `updated_at`) VALUES (79,20,'Week 3 – Tổng kết & kết thúc','Khép lại chuyến công tác trong trạng thái khoẻ và nhẹ đầu.','Vừa xong việc, vừa có kỷ niệm. 100% công việc + 1 solo trip trọn vẹn',NULL,NULL,'2026-02-28',NULL,0,4,0,'2026-02-04 19:56:18','2026-02-04 20:01:57');
INSERT INTO `milestones` (`id`, `goal_id`, `title`, `description`, `memo`, `image_path`, `target_value`, `due_date`, `completed_at`, `is_completed`, `sort_order`, `is_soft`, `created_at`, `updated_at`) VALUES (80,20,'CUNG CHẠY BỘ Ở FUKUOKA',NULL,NULL,NULL,NULL,NULL,NULL,0,5,1,'2026-02-04 20:09:35','2026-02-04 20:09:39');
INSERT INTO `milestones` (`id`, `goal_id`, `title`, `description`, `memo`, `image_path`, `target_value`, `due_date`, `completed_at`, `is_completed`, `sort_order`, `is_soft`, `created_at`, `updated_at`) VALUES (81,20,'NÚI DỄ LEO CUỐI TUẦN',NULL,NULL,NULL,NULL,NULL,NULL,0,6,1,'2026-02-04 20:10:36','2026-02-04 20:10:36');
INSERT INTO `milestones` (`id`, `goal_id`, `title`, `description`, `memo`, `image_path`, `target_value`, `due_date`, `completed_at`, `is_completed`, `sort_order`, `is_soft`, `created_at`, `updated_at`) VALUES (82,20,'ĐẶC SẢN FUKUOKA – NHẤT ĐỊNH PHẢI ĂN',NULL,NULL,NULL,NULL,NULL,NULL,0,7,1,'2026-02-04 20:11:12','2026-02-04 20:11:12');
INSERT INTO `milestones` (`id`, `goal_id`, `title`, `description`, `memo`, `image_path`, `target_value`, `due_date`, `completed_at`, `is_completed`, `sort_order`, `is_soft`, `created_at`, `updated_at`) VALUES (83,16,'Thiết lập nhịp gọi ổn định','Bắt đầu gọi điện đều đặn, không để việc liên lạc bị đứt quãng vì bận rộn.','Mình ưu tiên sự hiện diện hơn độ dài cuộc gọi. 5–10 phút cũng được, miễn là đều.',NULL,NULL,'2026-03-31',NULL,0,1,0,'2026-02-04 21:18:24','2026-02-04 21:18:24');
INSERT INTO `milestones` (`id`, `goal_id`, `title`, `description`, `memo`, `image_path`, `target_value`, `due_date`, `completed_at`, `is_completed`, `sort_order`, `is_soft`, `created_at`, `updated_at`) VALUES (84,16,'Tạo cảm giác kết nối tự nhiên','Cuộc gọi trở nên thoải mái hơn, không còn cảm giác nghĩa vụ hay phải “báo cáo”.','Mình cho phép cuộc trò chuyện xoay quanh những điều rất nhỏ: ăn gì, mệt không, hôm nay trời thế nào.',NULL,NULL,'2026-06-30',NULL,0,2,0,'2026-02-04 21:19:16','2026-02-04 21:19:16');
INSERT INTO `milestones` (`id`, `goal_id`, `title`, `description`, `memo`, `image_path`, `target_value`, `due_date`, `completed_at`, `is_completed`, `sort_order`, `is_soft`, `created_at`, `updated_at`) VALUES (85,16,'Kết nối cảm xúc sâu hơn','Không chỉ hỏi thăm, mà có sự chia sẻ về cảm xúc, suy nghĩ và đời sống tinh thần.','Mình cho phép bản thân nói ra cả những lúc mệt, nhớ nhà, hoặc cần được động viên.',NULL,NULL,'2026-09-30',NULL,0,3,0,'2026-02-04 21:20:24','2026-02-04 21:20:24');
INSERT INTO `milestones` (`id`, `goal_id`, `title`, `description`, `memo`, `image_path`, `target_value`, `due_date`, `completed_at`, `is_completed`, `sort_order`, `is_soft`, `created_at`, `updated_at`) VALUES (86,16,'Giữ kết nối như một phần đời sống','Gọi điện không còn là mục tiêu cần hoàn thành, mà là thói quen tự nhiên trong cuộc sống xa nhà.','Mình không đo lường bằng số lượng nữa, mà bằng cảm giác: sau mỗi cuộc gọi, mình thấy yên tâm hơn.',NULL,NULL,'2026-12-31',NULL,0,4,0,'2026-02-04 21:21:32','2026-02-04 21:21:32');
INSERT INTO `milestones` (`id`, `goal_id`, `title`, `description`, `memo`, `image_path`, `target_value`, `due_date`, `completed_at`, `is_completed`, `sort_order`, `is_soft`, `created_at`, `updated_at`) VALUES (87,17,'Lập danh sách người thương & ngày sinh nhật','Tổng hợp đầy đủ bạn bè và gia đình quan trọng cùng ngày sinh nhật của họ.','Phân nhóm:\n- Gia đình\n- Bạn thân\n- Bạn thân vừa / đồng nghiệp thân\n\nGhi chú thêm:\n- Mối quan hệ\n- Khoảng cách hiện tại (gần / xa)',NULL,NULL,'2026-03-31',NULL,0,1,0,'2026-02-04 21:25:05','2026-02-04 21:25:05');
INSERT INTO `milestones` (`id`, `goal_id`, `title`, `description`, `memo`, `image_path`, `target_value`, `due_date`, `completed_at`, `is_completed`, `sort_order`, `is_soft`, `created_at`, `updated_at`) VALUES (88,17,'Bổ sung hồ sơ cá nhân từng người','Ghi lại sở thích, tính cách và gợi ý quà phù hợp cho mỗi người.','Với mỗi người, ghi nhanh:\n- Sở thích nổi bật (ăn uống, đồ dùng, tinh thần)\n- Vibe quà hợp: Thiết thực, Cảm xúc, Trải nghiệm\n- Ngân sách phù hợp',NULL,NULL,'2026-04-15',NULL,0,2,0,'2026-02-04 21:26:03','2026-02-04 21:26:03');
INSERT INTO `milestones` (`id`, `goal_id`, `title`, `description`, `memo`, `image_path`, `target_value`, `due_date`, `completed_at`, `is_completed`, `sort_order`, `is_soft`, `created_at`, `updated_at`) VALUES (89,17,'Sắp xếp lịch sinh nhật theo tháng','Nhóm sinh nhật theo từng tháng để dễ chuẩn bị trước.','Mỗi tháng list:\n- Tên\n- Ngày sinh\n- Mức độ ưu tiên\nĐánh dấu:\n🎂 Sinh nhật trùng tháng nhiều\n⭐ Người cần chuẩn bị kỹ',NULL,NULL,'2026-04-30',NULL,0,3,0,'2026-02-04 21:26:45','2026-02-04 21:26:45');
INSERT INTO `milestones` (`id`, `goal_id`, `title`, `description`, `memo`, `image_path`, `target_value`, `due_date`, `completed_at`, `is_completed`, `sort_order`, `is_soft`, `created_at`, `updated_at`) VALUES (90,17,'Xác định chiến lược quà theo nhóm','Đặt nguyên tắc chung để không bị quá tải hoặc áp lực tài chính.','- Gia đình: quà + lời chúc kỹ\n- Bạn thân: quà cá nhân hoá + lời chúc + thiệp\n- Bạn bè: quà nhỏ / nhắn tin / ăn cùng\n- Xa nhau: ship + message',NULL,NULL,'2026-04-30',NULL,0,4,0,'2026-02-04 21:28:28','2026-02-04 21:28:28');
INSERT INTO `milestones` (`id`, `goal_id`, `title`, `description`, `memo`, `image_path`, `target_value`, `due_date`, `completed_at`, `is_completed`, `sort_order`, `is_soft`, `created_at`, `updated_at`) VALUES (91,17,'Chuẩn bị quà sinh nhật trong năm',NULL,'- Chuẩn bị trước ≥ 2 tuần\r\n- Không mua sát ngày\r\n- Có lời chúc tử tế\r\n\r\nBảng LISTUP\r\n- Tên\r\n- Nhóm (Gia đình / Bạn thân / Bạn bè)\r\n- Ngày sinh\r\n- Sở thích chính\r\n- Gợi ý quà\r\n- Ngân sách\r\n- Ghi chú cảm xúc',NULL,NULL,'2026-06-25',NULL,0,5,0,'2026-02-04 21:29:41','2026-02-04 21:30:39');
INSERT INTO `milestones` (`id`, `goal_id`, `title`, `description`, `memo`, `image_path`, `target_value`, `due_date`, `completed_at`, `is_completed`, `sort_order`, `is_soft`, `created_at`, `updated_at`) VALUES (92,11,'Hoàn thành Module 1 – Vì sao phải đầu tư','Xây dựng mindset và lý do đầu tư đúng đắn','- 3 bài\n- Tập trung vào tư duy dài hạn, không kiếm tiền nhanh\n- Hiểu “vì sao đầu tư” trước khi học kỹ thuật',NULL,NULL,NULL,NULL,0,1,0,'2026-02-04 21:43:51','2026-02-04 21:43:51');
INSERT INTO `milestones` (`id`, `goal_id`, `title`, `description`, `memo`, `image_path`, `target_value`, `due_date`, `completed_at`, `is_completed`, `sort_order`, `is_soft`, `created_at`, `updated_at`) VALUES (93,11,'Hoàn thành Module 2 – Cách hoạt động & khái niệm','Nắm các khái niệm và cơ chế vận hành thị trường','- 5 bài\n- Không cần nhớ hết, chỉ cần hiểu bản chất\n- Ghi chú thuật ngữ cơ bản',NULL,NULL,NULL,NULL,0,2,0,'2026-02-04 21:44:50','2026-02-04 21:44:50');
INSERT INTO `milestones` (`id`, `goal_id`, `title`, `description`, `memo`, `image_path`, `target_value`, `due_date`, `completed_at`, `is_completed`, `sort_order`, `is_soft`, `created_at`, `updated_at`) VALUES (94,11,'Hoàn thành Module 3 – Các chiến lược đầu tư','Hiểu các chiến lược đầu tư phổ biến','- 6 bài\n- So sánh ưu / nhược từng chiến lược\n- Không chọn chiến lược vội',NULL,NULL,NULL,NULL,0,3,0,'2026-02-04 21:45:38','2026-02-04 21:45:38');
INSERT INTO `milestones` (`id`, `goal_id`, `title`, `description`, `memo`, `image_path`, `target_value`, `due_date`, `completed_at`, `is_completed`, `sort_order`, `is_soft`, `created_at`, `updated_at`) VALUES (95,11,'Hoàn thành Module 4 – Các hoạt động nên tránh','Nhận diện sai lầm và rủi ro khi đầu tư','- 8 bài\n- Liên quan nhiều đến tâm lý và FOMO\n- Rất quan trọng với người mới',NULL,NULL,NULL,NULL,0,4,0,'2026-02-04 21:48:06','2026-02-04 21:48:06');
INSERT INTO `milestones` (`id`, `goal_id`, `title`, `description`, `memo`, `image_path`, `target_value`, `due_date`, `completed_at`, `is_completed`, `sort_order`, `is_soft`, `created_at`, `updated_at`) VALUES (96,11,'Hoàn thành Module 5 – Thực hành','Áp dụng kiến thức vào bài tập thực hành','- 8 bài\n- Ưu tiên hiểu quy trình hơn là kết quả\n- Không cần dùng tiền thật',NULL,NULL,NULL,NULL,0,5,0,'2026-02-04 21:48:47','2026-02-04 21:48:47');
INSERT INTO `milestones` (`id`, `goal_id`, `title`, `description`, `memo`, `image_path`, `target_value`, `due_date`, `completed_at`, `is_completed`, `sort_order`, `is_soft`, `created_at`, `updated_at`) VALUES (97,15,'Nói được theo tình huống thực tế','Ghép câu, trả lời được câu hỏi đơn giản trong bối cảnh du lịch','Ưu tiên nói trôi chảy hơn đúng tuyệt đối',NULL,NULL,NULL,NULL,0,2,0,'2026-02-04 21:51:16','2026-02-04 21:51:16');
INSERT INTO `milestones` (`id`, `goal_id`, `title`, `description`, `memo`, `image_path`, `target_value`, `due_date`, `completed_at`, `is_completed`, `sort_order`, `is_soft`, `created_at`, `updated_at`) VALUES (98,15,'Giao tiếp thoải mái, không sợ sai','Có thể trò chuyện ngắn với người lạ, giữ được nhịp nói tự nhiên','Chậm – rõ – đủ dùng là ok',NULL,NULL,NULL,NULL,0,3,0,'2026-02-04 21:51:51','2026-02-04 21:51:51');
INSERT INTO `milestones` (`id`, `goal_id`, `title`, `description`, `memo`, `image_path`, `target_value`, `due_date`, `completed_at`, `is_completed`, `sort_order`, `is_soft`, `created_at`, `updated_at`) VALUES (99,15,'Sẵn sàng dùng tiếng Anh khi đi du lịch','Dùng tiếng Anh như một công cụ quen thuộc','Không cần “giỏi”, chỉ cần “dùng được & thoải mái”',NULL,NULL,NULL,NULL,0,4,0,'2026-02-04 21:52:21','2026-02-04 21:52:21');
INSERT INTO `milestones` (`id`, `goal_id`, `title`, `description`, `memo`, `image_path`, `target_value`, `due_date`, `completed_at`, `is_completed`, `sort_order`, `is_soft`, `created_at`, `updated_at`) VALUES (100,7,'Thiết lập không gian ghi & quay','Chuẩn bị nền tảng để bắt đầu đều đặn','- Chọn góc viết cố định\n- Setup ánh sáng quay đơn giản\n- Chốt concept blog & YouTube',NULL,NULL,NULL,NULL,0,1,0,'2026-02-04 22:19:27','2026-02-04 22:19:27');
INSERT INTO `milestones` (`id`, `goal_id`, `title`, `description`, `memo`, `image_path`, `target_value`, `due_date`, `completed_at`, `is_completed`, `sort_order`, `is_soft`, `created_at`, `updated_at`) VALUES (101,7,'Duy trì 1 bài blog / tuần trong 3 tháng','Tạo thói quen viết không áp lực',NULL,NULL,NULL,'2026-03-31',NULL,0,2,0,'2026-02-04 22:20:10','2026-02-04 22:20:17');
INSERT INTO `milestones` (`id`, `goal_id`, `title`, `description`, `memo`, `image_path`, `target_value`, `due_date`, `completed_at`, `is_completed`, `sort_order`, `is_soft`, `created_at`, `updated_at`) VALUES (102,7,'YouTube đều đặn – chậm nhưng không bỏ','Giữ nhịp đăng video thật',NULL,NULL,NULL,'2026-03-31',NULL,0,3,0,'2026-02-04 22:21:12','2026-02-04 22:21:12');
INSERT INTO `milestones` (`id`, `goal_id`, `title`, `description`, `memo`, `image_path`, `target_value`, `due_date`, `completed_at`, `is_completed`, `sort_order`, `is_soft`, `created_at`, `updated_at`) VALUES (103,7,'Tổng kết & nhìn lại','Nhìn lại mình đã sống thế nào',NULL,NULL,NULL,'2026-12-31',NULL,0,4,0,'2026-02-04 22:22:02','2026-02-04 22:22:02');
INSERT INTO `milestones` (`id`, `goal_id`, `title`, `description`, `memo`, `image_path`, `target_value`, `due_date`, `completed_at`, `is_completed`, `sort_order`, `is_soft`, `created_at`, `updated_at`) VALUES (105,20,'CHECK-IN SPOTS',NULL,NULL,NULL,NULL,NULL,NULL,0,8,1,'2026-02-04 22:38:18','2026-02-04 22:38:18');
INSERT INTO `milestones` (`id`, `goal_id`, `title`, `description`, `memo`, `image_path`, `target_value`, `due_date`, `completed_at`, `is_completed`, `sort_order`, `is_soft`, `created_at`, `updated_at`) VALUES (107,4,'Hoàn thành tổng quan IT & hệ thống máy tính','Nắm được khái niệm IT cơ bản, phần cứng, phần mềm, OS','- Đọc chậm, không cần nhớ chi tiết\n- Tập trung hiểu “vai trò của từng thành phần”',NULL,NULL,NULL,NULL,0,1,0,'2026-02-05 00:08:05','2026-02-05 00:08:05');
INSERT INTO `milestone_todos` (`id`, `milestone_id`, `title`, `description`, `start_date`, `end_date`, `is_completed`, `completed_at`, `sort_order`, `created_at`, `updated_at`) VALUES (1,37,'Đọc xong 3 quyển',NULL,NULL,NULL,0,NULL,1,'2026-02-02 18:54:46','2026-02-02 18:54:46');
INSERT INTO `milestone_todos` (`id`, `milestone_id`, `title`, `description`, `start_date`, `end_date`, `is_completed`, `completed_at`, `sort_order`, `created_at`, `updated_at`) VALUES (2,37,'Viết ít nhất 2 review hoàn chỉnh',NULL,NULL,NULL,0,NULL,2,'2026-02-02 18:54:54','2026-02-02 18:54:54');
INSERT INTO `milestone_todos` (`id`, `milestone_id`, `title`, `description`, `start_date`, `end_date`, `is_completed`, `completed_at`, `sort_order`, `created_at`, `updated_at`) VALUES (3,37,'Xác định được thời điểm đọc hiệu quả nhất trong ngày',NULL,NULL,NULL,0,NULL,3,'2026-02-02 18:55:15','2026-02-02 18:55:15');
INSERT INTO `milestone_todos` (`id`, `milestone_id`, `title`, `description`, `start_date`, `end_date`, `is_completed`, `completed_at`, `sort_order`, `created_at`, `updated_at`) VALUES (4,38,'Tổng 6 quyển',NULL,NULL,NULL,0,NULL,1,'2026-02-02 18:56:09','2026-02-02 18:56:09');
INSERT INTO `milestone_todos` (`id`, `milestone_id`, `title`, `description`, `start_date`, `end_date`, `is_completed`, `completed_at`, `sort_order`, `created_at`, `updated_at`) VALUES (5,38,'Review đủ 6/6',NULL,NULL,NULL,0,NULL,2,'2026-02-02 18:56:15','2026-02-02 18:56:15');
INSERT INTO `milestone_todos` (`id`, `milestone_id`, `title`, `description`, `start_date`, `end_date`, `is_completed`, `completed_at`, `sort_order`, `created_at`, `updated_at`) VALUES (6,38,'Bắt đầu:  đọc chậm hơn, ghi chú khi đọc (gạch chân / note)',NULL,NULL,NULL,0,NULL,3,'2026-02-02 18:56:34','2026-02-02 18:56:34');
INSERT INTO `milestone_todos` (`id`, `milestone_id`, `title`, `description`, `start_date`, `end_date`, `is_completed`, `completed_at`, `sort_order`, `created_at`, `updated_at`) VALUES (7,39,'Tổng 9 quyển',NULL,NULL,NULL,0,NULL,1,'2026-02-02 18:57:51','2026-02-02 18:57:51');
INSERT INTO `milestone_todos` (`id`, `milestone_id`, `title`, `description`, `start_date`, `end_date`, `is_completed`, `completed_at`, `sort_order`, `created_at`, `updated_at`) VALUES (8,39,'Có 1–2 review viết sâu hơn bình thường',NULL,NULL,NULL,0,NULL,2,'2026-02-02 18:58:01','2026-02-02 18:58:01');
INSERT INTO `milestone_todos` (`id`, `milestone_id`, `title`, `description`, `start_date`, `end_date`, `is_completed`, `completed_at`, `sort_order`, `created_at`, `updated_at`) VALUES (9,39,'Ít nhất 1 quyển đọc lại / đọc rất chậm',NULL,NULL,NULL,0,NULL,3,'2026-02-02 18:58:07','2026-02-02 18:58:07');
INSERT INTO `milestone_todos` (`id`, `milestone_id`, `title`, `description`, `start_date`, `end_date`, `is_completed`, `completed_at`, `sort_order`, `created_at`, `updated_at`) VALUES (10,40,'Hoàn thành 12 quyển',NULL,NULL,NULL,0,NULL,1,'2026-02-02 18:59:21','2026-02-02 18:59:21');
INSERT INTO `milestone_todos` (`id`, `milestone_id`, `title`, `description`, `start_date`, `end_date`, `is_completed`, `completed_at`, `sort_order`, `created_at`, `updated_at`) VALUES (11,40,'Chọn ra: 3 cuốn đáng nhớ nhất & 1 review mình thích nhất',NULL,NULL,NULL,0,NULL,2,'2026-02-02 18:59:37','2026-02-02 18:59:37');
INSERT INTO `milestone_todos` (`id`, `milestone_id`, `title`, `description`, `start_date`, `end_date`, `is_completed`, `completed_at`, `sort_order`, `created_at`, `updated_at`) VALUES (12,40,'Viết 1 bài ngắn: “Một năm đọc sách đã thay đổi mình thế nào”',NULL,NULL,NULL,0,NULL,3,'2026-02-02 18:59:46','2026-02-02 18:59:46');
INSERT INTO `milestone_todos` (`id`, `milestone_id`, `title`, `description`, `start_date`, `end_date`, `is_completed`, `completed_at`, `sort_order`, `created_at`, `updated_at`) VALUES (13,31,'Thống nhất với Thu: thời gian đi (3–5 ngày), ngân sách dự kiến',NULL,NULL,NULL,0,NULL,1,'2026-02-02 19:11:47','2026-02-02 19:11:47');
INSERT INTO `milestone_todos` (`id`, `milestone_id`, `title`, `description`, `start_date`, `end_date`, `is_completed`, `completed_at`, `sort_order`, `created_at`, `updated_at`) VALUES (14,31,'Xác định kiểu chuyến đi: chill – city walk – không chạy quá nhiều điểm',NULL,NULL,NULL,0,NULL,2,'2026-02-02 19:11:54','2026-02-02 19:11:54');
INSERT INTO `milestone_todos` (`id`, `milestone_id`, `title`, `description`, `start_date`, `end_date`, `is_completed`, `completed_at`, `sort_order`, `created_at`, `updated_at`) VALUES (15,31,'Lưu các địa điểm muốn đi (Notion / Google Map)',NULL,NULL,NULL,0,NULL,3,'2026-02-02 19:12:03','2026-02-02 19:12:03');
INSERT INTO `milestone_todos` (`id`, `milestone_id`, `title`, `description`, `start_date`, `end_date`, `is_completed`, `completed_at`, `sort_order`, `created_at`, `updated_at`) VALUES (16,32,'Lập quỹ du lịch riêng',NULL,NULL,NULL,0,NULL,1,'2026-02-02 19:12:28','2026-02-02 19:12:28');
INSERT INTO `milestone_todos` (`id`, `milestone_id`, `title`, `description`, `start_date`, `end_date`, `is_completed`, `completed_at`, `sort_order`, `created_at`, `updated_at`) VALUES (17,32,'Theo dõi giá vé máy bay từ Nhật → Hong Kong',NULL,NULL,NULL,0,NULL,2,'2026-02-02 19:12:40','2026-02-02 19:12:40');
INSERT INTO `milestone_todos` (`id`, `milestone_id`, `title`, `description`, `start_date`, `end_date`, `is_completed`, `completed_at`, `sort_order`, `created_at`, `updated_at`) VALUES (18,32,'Đặt vé máy bay khi giá hợp lý',NULL,NULL,NULL,0,NULL,3,'2026-02-02 19:12:45','2026-02-02 19:12:45');
INSERT INTO `milestone_todos` (`id`, `milestone_id`, `title`, `description`, `start_date`, `end_date`, `is_completed`, `completed_at`, `sort_order`, `created_at`, `updated_at`) VALUES (19,33,'Đặt khách sạn / Airbnb',NULL,NULL,NULL,0,NULL,1,'2026-02-02 19:13:12','2026-02-02 19:13:12');
INSERT INTO `milestone_todos` (`id`, `milestone_id`, `title`, `description`, `start_date`, `end_date`, `is_completed`, `completed_at`, `sort_order`, `created_at`, `updated_at`) VALUES (20,33,'Lên lịch trình sơ bộ từng ngày (1–2 điểm chính/ngày)',NULL,NULL,NULL,0,NULL,2,'2026-02-02 19:13:20','2026-02-02 19:13:20');
INSERT INTO `milestone_todos` (`id`, `milestone_id`, `title`, `description`, `start_date`, `end_date`, `is_completed`, `completed_at`, `sort_order`, `created_at`, `updated_at`) VALUES (21,33,'Check các khu: Central, Mong Kok, Tsim Sha Tsui, café, night view',NULL,NULL,NULL,0,NULL,3,'2026-02-02 19:13:26','2026-02-02 19:13:26');
INSERT INTO `milestone_todos` (`id`, `milestone_id`, `title`, `description`, `start_date`, `end_date`, `is_completed`, `completed_at`, `sort_order`, `created_at`, `updated_at`) VALUES (22,34,'Chuẩn bị outfit mùa đông',NULL,NULL,NULL,0,NULL,1,'2026-02-02 19:13:53','2026-02-02 19:13:53');
INSERT INTO `milestone_todos` (`id`, `milestone_id`, `title`, `description`, `start_date`, `end_date`, `is_completed`, `completed_at`, `sort_order`, `created_at`, `updated_at`) VALUES (24,34,'Check giấy tờ, internet, Octopus Card',NULL,NULL,NULL,0,NULL,2,'2026-02-02 19:14:05','2026-02-02 19:14:05');
INSERT INTO `milestone_todos` (`id`, `milestone_id`, `title`, `description`, `start_date`, `end_date`, `is_completed`, `completed_at`, `sort_order`, `created_at`, `updated_at`) VALUES (25,34,'Lên checklist hành lý',NULL,NULL,NULL,0,NULL,3,'2026-02-02 19:14:12','2026-02-02 19:14:12');
INSERT INTO `milestone_todos` (`id`, `milestone_id`, `title`, `description`, `start_date`, `end_date`, `is_completed`, `completed_at`, `sort_order`, `created_at`, `updated_at`) VALUES (26,35,'Đi',NULL,NULL,NULL,0,NULL,1,'2026-02-02 19:14:34','2026-02-02 19:14:34');
INSERT INTO `milestone_todos` (`id`, `milestone_id`, `title`, `description`, `start_date`, `end_date`, `is_completed`, `completed_at`, `sort_order`, `created_at`, `updated_at`) VALUES (27,35,'Chụp ảnh, quay phim',NULL,NULL,NULL,0,NULL,2,'2026-02-02 19:14:45','2026-02-02 19:14:45');
INSERT INTO `milestone_todos` (`id`, `milestone_id`, `title`, `description`, `start_date`, `end_date`, `is_completed`, `completed_at`, `sort_order`, `created_at`, `updated_at`) VALUES (28,35,'Sống trong khoảnh khắc',NULL,NULL,NULL,0,NULL,3,'2026-02-02 19:14:50','2026-02-02 19:14:50');
INSERT INTO `milestone_todos` (`id`, `milestone_id`, `title`, `description`, `start_date`, `end_date`, `is_completed`, `completed_at`, `sort_order`, `created_at`, `updated_at`) VALUES (29,35,'Không ép bản thân phải “đi cho đủ”',NULL,NULL,NULL,0,NULL,4,'2026-02-02 19:14:56','2026-02-02 19:14:56');
INSERT INTO `milestone_todos` (`id`, `milestone_id`, `title`, `description`, `start_date`, `end_date`, `is_completed`, `completed_at`, `sort_order`, `created_at`, `updated_at`) VALUES (30,41,'Chạy đều 3 buổi/tuần',NULL,NULL,NULL,0,NULL,1,'2026-02-02 19:39:01','2026-02-02 19:39:01');
INSERT INTO `milestone_todos` (`id`, `milestone_id`, `title`, `description`, `start_date`, `end_date`, `is_completed`, `completed_at`, `sort_order`, `created_at`, `updated_at`) VALUES (31,41,'Long run ổn định 18–22km',NULL,NULL,NULL,1,'2026-02-02 19:39:08',2,'2026-02-02 19:39:06','2026-02-02 19:39:08');
INSERT INTO `milestone_todos` (`id`, `milestone_id`, `title`, `description`, `start_date`, `end_date`, `is_completed`, `completed_at`, `sort_order`, `created_at`, `updated_at`) VALUES (32,41,'Recovery run đúng nghĩa (pace chậm, không cố)',NULL,NULL,NULL,1,'2026-02-02 19:39:20',3,'2026-02-02 19:39:17','2026-02-02 19:39:20');
INSERT INTO `milestone_todos` (`id`, `milestone_id`, `title`, `description`, `start_date`, `end_date`, `is_completed`, `completed_at`, `sort_order`, `created_at`, `updated_at`) VALUES (33,41,'Lower body strength / core tối thiểu 1–2 buổi/tuần',NULL,NULL,NULL,1,'2026-02-03 00:20:00',4,'2026-02-02 19:39:27','2026-02-03 00:20:00');
INSERT INTO `milestone_todos` (`id`, `milestone_id`, `title`, `description`, `start_date`, `end_date`, `is_completed`, `completed_at`, `sort_order`, `created_at`, `updated_at`) VALUES (34,42,'Long run 24–28km (1–2 lần)',NULL,NULL,NULL,0,NULL,1,'2026-02-02 19:40:25','2026-02-02 19:40:25');
INSERT INTO `milestone_todos` (`id`, `milestone_id`, `title`, `description`, `start_date`, `end_date`, `is_completed`, `completed_at`, `sort_order`, `created_at`, `updated_at`) VALUES (35,42,'Test fueling: gel / nước / muối khi chạy dài',NULL,NULL,NULL,1,'2026-02-02 19:40:34',2,'2026-02-02 19:40:32','2026-02-02 19:40:34');
INSERT INTO `milestone_todos` (`id`, `milestone_id`, `title`, `description`, `start_date`, `end_date`, `is_completed`, `completed_at`, `sort_order`, `created_at`, `updated_at`) VALUES (36,42,'Có ít nhất 1 buổi chạy > 2h',NULL,NULL,NULL,1,'2026-02-02 19:40:47',3,'2026-02-02 19:40:40','2026-02-02 19:40:47');
INSERT INTO `milestone_todos` (`id`, `milestone_id`, `title`, `description`, `start_date`, `end_date`, `is_completed`, `completed_at`, `sort_order`, `created_at`, `updated_at`) VALUES (37,42,'Không tăng tổng mileage >10% / tuần',NULL,NULL,NULL,1,'2026-02-03 13:46:10',4,'2026-02-02 19:40:53','2026-02-03 13:46:10');
INSERT INTO `milestone_todos` (`id`, `milestone_id`, `title`, `description`, `start_date`, `end_date`, `is_completed`, `completed_at`, `sort_order`, `created_at`, `updated_at`) VALUES (38,43,'1 long run 30–32km (chỉ 1 lần là đủ)',NULL,NULL,NULL,0,NULL,1,'2026-02-02 19:41:32','2026-02-02 19:41:32');
INSERT INTO `milestone_todos` (`id`, `milestone_id`, `title`, `description`, `start_date`, `end_date`, `is_completed`, `completed_at`, `sort_order`, `created_at`, `updated_at`) VALUES (39,43,'Mặc đúng giày – outfit – gel sẽ dùng ngày race',NULL,NULL,NULL,0,NULL,2,'2026-02-02 19:41:38','2026-02-02 19:41:38');
INSERT INTO `milestone_todos` (`id`, `milestone_id`, `title`, `description`, `start_date`, `end_date`, `is_completed`, `completed_at`, `sort_order`, `created_at`, `updated_at`) VALUES (40,43,'Không test cái gì mới sau mốc này',NULL,NULL,NULL,0,NULL,3,'2026-02-02 19:41:43','2026-02-02 19:41:43');
INSERT INTO `milestone_todos` (`id`, `milestone_id`, `title`, `description`, `start_date`, `end_date`, `is_completed`, `completed_at`, `sort_order`, `created_at`, `updated_at`) VALUES (41,43,'Ưu tiên recovery hơn mileage',NULL,NULL,NULL,0,NULL,4,'2026-02-02 19:41:51','2026-02-02 19:41:51');
INSERT INTO `milestone_todos` (`id`, `milestone_id`, `title`, `description`, `start_date`, `end_date`, `is_completed`, `completed_at`, `sort_order`, `created_at`, `updated_at`) VALUES (42,44,'Giảm mileage còn 60% → 40%',NULL,NULL,NULL,0,NULL,1,'2026-02-02 19:42:36','2026-02-02 19:42:36');
INSERT INTO `milestone_todos` (`id`, `milestone_id`, `title`, `description`, `start_date`, `end_date`, `is_completed`, `completed_at`, `sort_order`, `created_at`, `updated_at`) VALUES (43,44,'Long run cuối cùng: 16–18km (10–12 ngày trước race)',NULL,NULL,NULL,0,NULL,2,'2026-02-02 19:42:41','2026-02-02 19:42:41');
INSERT INTO `milestone_todos` (`id`, `milestone_id`, `title`, `description`, `start_date`, `end_date`, `is_completed`, `completed_at`, `sort_order`, `created_at`, `updated_at`) VALUES (44,44,'Không strength nặng, không bài lạ',NULL,NULL,NULL,0,NULL,3,'2026-02-02 19:42:48','2026-02-02 19:42:48');
INSERT INTO `milestone_todos` (`id`, `milestone_id`, `title`, `description`, `start_date`, `end_date`, `is_completed`, `completed_at`, `sort_order`, `created_at`, `updated_at`) VALUES (45,44,'Ăn đủ carb, uống đủ nước',NULL,NULL,NULL,0,NULL,4,'2026-02-02 19:42:53','2026-02-02 19:42:53');
INSERT INTO `milestone_todos` (`id`, `milestone_id`, `title`, `description`, `start_date`, `end_date`, `is_completed`, `completed_at`, `sort_order`, `created_at`, `updated_at`) VALUES (46,45,'0–10km: chậm hơn pace mong muốn',NULL,NULL,NULL,0,NULL,1,'2026-02-02 19:43:27','2026-02-02 19:43:27');
INSERT INTO `milestone_todos` (`id`, `milestone_id`, `title`, `description`, `start_date`, `end_date`, `is_completed`, `completed_at`, `sort_order`, `created_at`, `updated_at`) VALUES (47,45,'10–30km: chạy đều, không so người khác',NULL,NULL,NULL,0,NULL,2,'2026-02-02 19:43:33','2026-02-02 19:43:33');
INSERT INTO `milestone_todos` (`id`, `milestone_id`, `title`, `description`, `start_date`, `end_date`, `is_completed`, `completed_at`, `sort_order`, `created_at`, `updated_at`) VALUES (48,45,'Sau 30km: chia nhỏ từng 1km',NULL,NULL,NULL,0,NULL,3,'2026-02-02 19:43:38','2026-02-02 19:43:38');
INSERT INTO `milestone_todos` (`id`, `milestone_id`, `title`, `description`, `start_date`, `end_date`, `is_completed`, `completed_at`, `sort_order`, `created_at`, `updated_at`) VALUES (49,45,'Được đi bộ, nhưng không bỏ cuộc',NULL,NULL,NULL,0,NULL,4,'2026-02-02 19:43:43','2026-02-02 19:43:43');
INSERT INTO `milestone_todos` (`id`, `milestone_id`, `title`, `description`, `start_date`, `end_date`, `is_completed`, `completed_at`, `sort_order`, `created_at`, `updated_at`) VALUES (50,46,'Chọn khung giờ vẽ cố định mỗi tuần',NULL,NULL,NULL,0,NULL,1,'2026-02-03 22:42:35','2026-02-03 22:42:35');
INSERT INTO `milestone_todos` (`id`, `milestone_id`, `title`, `description`, `start_date`, `end_date`, `is_completed`, `completed_at`, `sort_order`, `created_at`, `updated_at`) VALUES (51,46,'Chuẩn bị sẵn giấy, bút, màu',NULL,NULL,NULL,1,'2026-02-06 05:57:27',2,'2026-02-03 22:42:45','2026-02-06 05:57:27');
INSERT INTO `milestone_todos` (`id`, `milestone_id`, `title`, `description`, `start_date`, `end_date`, `is_completed`, `completed_at`, `sort_order`, `created_at`, `updated_at`) VALUES (52,46,'Lưu tranh theo thứ tự tuần',NULL,NULL,NULL,0,NULL,3,'2026-02-03 22:42:51','2026-02-03 22:42:51');
INSERT INTO `milestone_todos` (`id`, `milestone_id`, `title`, `description`, `start_date`, `end_date`, `is_completed`, `completed_at`, `sort_order`, `created_at`, `updated_at`) VALUES (53,47,'Sau mỗi tranh, ghi 1 câu cảm xúc',NULL,NULL,NULL,0,NULL,1,'2026-02-03 22:43:35','2026-02-03 22:43:35');
INSERT INTO `milestone_todos` (`id`, `milestone_id`, `title`, `description`, `start_date`, `end_date`, `is_completed`, `completed_at`, `sort_order`, `created_at`, `updated_at`) VALUES (54,47,'Đánh dấu tranh mình thích nhất',NULL,NULL,NULL,0,NULL,2,'2026-02-03 22:43:41','2026-02-03 22:43:41');
INSERT INTO `milestone_todos` (`id`, `milestone_id`, `title`, `description`, `start_date`, `end_date`, `is_completed`, `completed_at`, `sort_order`, `created_at`, `updated_at`) VALUES (55,48,'Thử vẽ khi tâm trạng khác nhau',NULL,NULL,NULL,0,NULL,1,'2026-02-03 22:44:40','2026-02-03 22:44:40');
INSERT INTO `milestone_todos` (`id`, `milestone_id`, `title`, `description`, `start_date`, `end_date`, `is_completed`, `completed_at`, `sort_order`, `created_at`, `updated_at`) VALUES (56,48,'Không bỏ tuần nào',NULL,NULL,NULL,0,NULL,2,'2026-02-03 22:44:46','2026-02-03 22:44:46');
INSERT INTO `milestone_todos` (`id`, `milestone_id`, `title`, `description`, `start_date`, `end_date`, `is_completed`, `completed_at`, `sort_order`, `created_at`, `updated_at`) VALUES (57,49,'Thử ít nhất 1 chất liệu mới',NULL,NULL,NULL,0,NULL,1,'2026-02-03 22:45:30','2026-02-03 22:45:30');
INSERT INTO `milestone_todos` (`id`, `milestone_id`, `title`, `description`, `start_date`, `end_date`, `is_completed`, `completed_at`, `sort_order`, `created_at`, `updated_at`) VALUES (59,49,'Đánh dấu tranh “khác thường” nhất',NULL,NULL,NULL,0,NULL,2,'2026-02-03 22:45:41','2026-02-03 22:45:41');
INSERT INTO `milestone_todos` (`id`, `milestone_id`, `title`, `description`, `start_date`, `end_date`, `is_completed`, `completed_at`, `sort_order`, `created_at`, `updated_at`) VALUES (60,50,'Chọn 5 tranh đại diện cho năm',NULL,NULL,NULL,0,NULL,1,'2026-02-03 22:46:23','2026-02-03 22:46:23');
INSERT INTO `milestone_todos` (`id`, `milestone_id`, `title`, `description`, `start_date`, `end_date`, `is_completed`, `completed_at`, `sort_order`, `created_at`, `updated_at`) VALUES (61,50,'Viết 1 đoạn ngắn: “Mình đã vẽ như thế nào trong năm này”',NULL,NULL,NULL,0,NULL,2,'2026-02-03 22:46:29','2026-02-03 22:46:29');
INSERT INTO `milestone_todos` (`id`, `milestone_id`, `title`, `description`, `start_date`, `end_date`, `is_completed`, `completed_at`, `sort_order`, `created_at`, `updated_at`) VALUES (62,52,'Chọn 1–2 địa điểm thiên nhiên gần nhà',NULL,NULL,NULL,0,NULL,1,'2026-02-04 16:20:52','2026-02-04 16:20:52');
INSERT INTO `milestone_todos` (`id`, `milestone_id`, `title`, `description`, `start_date`, `end_date`, `is_completed`, `completed_at`, `sort_order`, `created_at`, `updated_at`) VALUES (63,52,'Sắp xếp lịch cố định mỗi tuần',NULL,NULL,NULL,0,NULL,2,'2026-02-04 16:20:57','2026-02-04 16:20:57');
INSERT INTO `milestone_todos` (`id`, `milestone_id`, `title`, `description`, `start_date`, `end_date`, `is_completed`, `completed_at`, `sort_order`, `created_at`, `updated_at`) VALUES (64,53,'Thử đi một mình',NULL,NULL,NULL,0,NULL,1,'2026-02-04 16:21:44','2026-02-04 16:21:44');
INSERT INTO `milestone_todos` (`id`, `milestone_id`, `title`, `description`, `start_date`, `end_date`, `is_completed`, `completed_at`, `sort_order`, `created_at`, `updated_at`) VALUES (65,53,'Tắt thông báo điện thoại trong lúc ở ngoài',NULL,NULL,NULL,0,NULL,2,'2026-02-04 16:21:50','2026-02-04 16:21:50');
INSERT INTO `milestone_todos` (`id`, `milestone_id`, `title`, `description`, `start_date`, `end_date`, `is_completed`, `completed_at`, `sort_order`, `created_at`, `updated_at`) VALUES (66,54,'Ghi lại 1 cảm nhận ngắn sau mỗi lần',NULL,NULL,NULL,0,NULL,1,'2026-02-04 16:22:27','2026-02-04 16:22:27');
INSERT INTO `milestone_todos` (`id`, `milestone_id`, `title`, `description`, `start_date`, `end_date`, `is_completed`, `completed_at`, `sort_order`, `created_at`, `updated_at`) VALUES (67,54,'Chọn 1 hình ảnh đại diện cho trải nghiệm',NULL,NULL,NULL,0,NULL,2,'2026-02-04 16:22:33','2026-02-04 16:22:33');
INSERT INTO `milestone_todos` (`id`, `milestone_id`, `title`, `description`, `start_date`, `end_date`, `is_completed`, `completed_at`, `sort_order`, `created_at`, `updated_at`) VALUES (68,55,'Chọn 1–2 địa điểm “ruột”',NULL,NULL,NULL,0,NULL,1,'2026-02-04 16:23:08','2026-02-04 16:23:08');
INSERT INTO `milestone_todos` (`id`, `milestone_id`, `title`, `description`, `start_date`, `end_date`, `is_completed`, `completed_at`, `sort_order`, `created_at`, `updated_at`) VALUES (69,55,'Ghé lại vào các thời điểm khác nhau trong năm',NULL,NULL,NULL,0,NULL,2,'2026-02-04 16:23:14','2026-02-04 16:23:14');
INSERT INTO `milestone_todos` (`id`, `milestone_id`, `title`, `description`, `start_date`, `end_date`, `is_completed`, `completed_at`, `sort_order`, `created_at`, `updated_at`) VALUES (70,56,'Test quay cùng 1 khung hình với 2 setting khác nhau',NULL,NULL,NULL,0,NULL,1,'2026-02-04 16:41:49','2026-02-04 16:41:49');
INSERT INTO `milestone_todos` (`id`, `milestone_id`, `title`, `description`, `start_date`, `end_date`, `is_completed`, `completed_at`, `sort_order`, `created_at`, `updated_at`) VALUES (71,57,'Quay 1 cảnh tĩnh áp dụng composition',NULL,NULL,NULL,0,NULL,1,'2026-02-04 16:42:30','2026-02-04 16:42:30');
INSERT INTO `milestone_todos` (`id`, `milestone_id`, `title`, `description`, `start_date`, `end_date`, `is_completed`, `completed_at`, `sort_order`, `created_at`, `updated_at`) VALUES (72,58,'Quay 1 clip có chuyển động + audio rõ',NULL,NULL,NULL,0,NULL,1,'2026-02-04 16:43:10','2026-02-04 16:43:10');
INSERT INTO `milestone_todos` (`id`, `milestone_id`, `title`, `description`, `start_date`, `end_date`, `is_completed`, `completed_at`, `sort_order`, `created_at`, `updated_at`) VALUES (73,59,'Dựng hoàn chỉnh 1 video ngắn (30–60s)',NULL,NULL,NULL,0,NULL,1,'2026-02-04 16:43:48','2026-02-04 16:43:48');
INSERT INTO `milestone_todos` (`id`, `milestone_id`, `title`, `description`, `start_date`, `end_date`, `is_completed`, `completed_at`, `sort_order`, `created_at`, `updated_at`) VALUES (74,60,'Xuất bản ít nhất 1 video',NULL,NULL,NULL,0,NULL,1,'2026-02-04 16:44:30','2026-02-04 16:44:30');
INSERT INTO `milestone_todos` (`id`, `milestone_id`, `title`, `description`, `start_date`, `end_date`, `is_completed`, `completed_at`, `sort_order`, `created_at`, `updated_at`) VALUES (81,63,'Không dùng thẻ cho chi tiêu mới',NULL,NULL,NULL,0,NULL,3,'2026-02-04 16:57:35','2026-02-04 16:57:35');
INSERT INTO `milestone_todos` (`id`, `milestone_id`, `title`, `description`, `start_date`, `end_date`, `is_completed`, `completed_at`, `sort_order`, `created_at`, `updated_at`) VALUES (82,63,'Check sao kê thẻ mỗi đầu tháng',NULL,NULL,NULL,0,NULL,2,'2026-02-04 17:41:55','2026-02-04 17:41:55');
INSERT INTO `milestone_todos` (`id`, `milestone_id`, `title`, `description`, `start_date`, `end_date`, `is_completed`, `completed_at`, `sort_order`, `created_at`, `updated_at`) VALUES (83,63,'Trả tối thiểu + thêm 5万円',NULL,NULL,NULL,0,NULL,3,'2026-02-04 17:42:01','2026-02-04 17:42:01');
INSERT INTO `milestone_todos` (`id`, `milestone_id`, `title`, `description`, `start_date`, `end_date`, `is_completed`, `completed_at`, `sort_order`, `created_at`, `updated_at`) VALUES (84,64,'Duy trì trả 5万円 / tháng',NULL,NULL,NULL,0,NULL,1,'2026-02-04 17:42:26','2026-02-04 17:42:26');
INSERT INTO `milestone_todos` (`id`, `milestone_id`, `title`, `description`, `start_date`, `end_date`, `is_completed`, `completed_at`, `sort_order`, `created_at`, `updated_at`) VALUES (85,64,'Mỗi tháng check “nợ đã giảm bao nhiêu”',NULL,NULL,NULL,0,NULL,2,'2026-02-04 17:42:34','2026-02-04 17:42:34');
INSERT INTO `milestone_todos` (`id`, `milestone_id`, `title`, `description`, `start_date`, `end_date`, `is_completed`, `completed_at`, `sort_order`, `created_at`, `updated_at`) VALUES (86,65,'Nhận bonus → tách ngay 15万円',NULL,NULL,NULL,0,NULL,1,'2026-02-04 17:42:58','2026-02-04 17:42:58');
INSERT INTO `milestone_todos` (`id`, `milestone_id`, `title`, `description`, `start_date`, `end_date`, `is_completed`, `completed_at`, `sort_order`, `created_at`, `updated_at`) VALUES (87,65,'Trả thẳng vào thẻ trong 1 lần',NULL,NULL,NULL,0,NULL,2,'2026-02-04 17:43:03','2026-02-04 17:43:03');
INSERT INTO `milestone_todos` (`id`, `milestone_id`, `title`, `description`, `start_date`, `end_date`, `is_completed`, `completed_at`, `sort_order`, `created_at`, `updated_at`) VALUES (88,65,'Ghi chú: “đã dùng bonus cho nợ”',NULL,NULL,NULL,0,NULL,3,'2026-02-04 17:43:09','2026-02-04 17:43:09');
INSERT INTO `milestone_todos` (`id`, `milestone_id`, `title`, `description`, `start_date`, `end_date`, `is_completed`, `completed_at`, `sort_order`, `created_at`, `updated_at`) VALUES (89,66,'Tiếp tục trả đều 5万円 / tháng',NULL,NULL,NULL,0,NULL,1,'2026-02-04 17:43:48','2026-02-04 17:43:48');
INSERT INTO `milestone_todos` (`id`, `milestone_id`, `title`, `description`, `start_date`, `end_date`, `is_completed`, `completed_at`, `sort_order`, `created_at`, `updated_at`) VALUES (90,66,'Nếu tháng nào mệt → vẫn trả tối thiểu',NULL,NULL,NULL,0,NULL,2,'2026-02-04 17:43:54','2026-02-04 17:43:54');
INSERT INTO `milestone_todos` (`id`, `milestone_id`, `title`, `description`, `start_date`, `end_date`, `is_completed`, `completed_at`, `sort_order`, `created_at`, `updated_at`) VALUES (91,66,'Không tự trách nếu không dư thêm',NULL,NULL,NULL,0,NULL,3,'2026-02-04 17:43:59','2026-02-04 17:43:59');
INSERT INTO `milestone_todos` (`id`, `milestone_id`, `title`, `description`, `start_date`, `end_date`, `is_completed`, `completed_at`, `sort_order`, `created_at`, `updated_at`) VALUES (92,67,'Nhận bonus → để riêng 15万円',NULL,NULL,NULL,0,NULL,1,'2026-02-04 17:44:27','2026-02-04 17:44:27');
INSERT INTO `milestone_todos` (`id`, `milestone_id`, `title`, `description`, `start_date`, `end_date`, `is_completed`, `completed_at`, `sort_order`, `created_at`, `updated_at`) VALUES (93,67,'Trả trước khi tiêu bất cứ khoản lớn nào',NULL,NULL,NULL,0,NULL,2,'2026-02-04 17:44:37','2026-02-04 17:44:37');
INSERT INTO `milestone_todos` (`id`, `milestone_id`, `title`, `description`, `start_date`, `end_date`, `is_completed`, `completed_at`, `sort_order`, `created_at`, `updated_at`) VALUES (94,68,'Tổng kết: đã trả bao nhiêu, còn bao nhiêu',NULL,NULL,NULL,0,NULL,1,'2026-02-04 17:45:05','2026-02-04 17:45:05');
INSERT INTO `milestone_todos` (`id`, `milestone_id`, `title`, `description`, `start_date`, `end_date`, `is_completed`, `completed_at`, `sort_order`, `created_at`, `updated_at`) VALUES (95,68,'Viết 3 dòng cho bản thân: “năm nay mình đã làm được gì”',NULL,NULL,NULL,0,NULL,2,'2026-02-04 17:45:11','2026-02-04 17:45:11');
INSERT INTO `milestone_todos` (`id`, `milestone_id`, `title`, `description`, `start_date`, `end_date`, `is_completed`, `completed_at`, `sort_order`, `created_at`, `updated_at`) VALUES (96,68,'Lên plan trả nợ 2027 (nhẹ hơn năm nay)',NULL,NULL,NULL,0,NULL,3,'2026-02-04 17:45:16','2026-02-04 17:45:16');
INSERT INTO `milestone_todos` (`id`, `milestone_id`, `title`, `description`, `start_date`, `end_date`, `is_completed`, `completed_at`, `sort_order`, `created_at`, `updated_at`) VALUES (97,69,'Tìm sẵn 3 núi gần',NULL,NULL,NULL,0,NULL,1,'2026-02-04 19:09:49','2026-02-04 19:09:49');
INSERT INTO `milestone_todos` (`id`, `milestone_id`, `title`, `description`, `start_date`, `end_date`, `is_completed`, `completed_at`, `sort_order`, `created_at`, `updated_at`) VALUES (98,69,'Ước tính chi phí từng chuyến',NULL,NULL,NULL,0,NULL,2,'2026-02-04 19:09:54','2026-02-04 19:09:54');
INSERT INTO `milestone_todos` (`id`, `milestone_id`, `title`, `description`, `start_date`, `end_date`, `is_completed`, `completed_at`, `sort_order`, `created_at`, `updated_at`) VALUES (99,70,'Chọn núi & check thời tiết',NULL,NULL,NULL,0,NULL,1,'2026-02-04 19:10:58','2026-02-04 19:10:58');
INSERT INTO `milestone_todos` (`id`, `milestone_id`, `title`, `description`, `start_date`, `end_date`, `is_completed`, `completed_at`, `sort_order`, `created_at`, `updated_at`) VALUES (100,70,'Chốt budget trước khi đi',NULL,NULL,NULL,0,NULL,2,'2026-02-04 19:11:03','2026-02-04 19:11:03');
INSERT INTO `milestone_todos` (`id`, `milestone_id`, `title`, `description`, `start_date`, `end_date`, `is_completed`, `completed_at`, `sort_order`, `created_at`, `updated_at`) VALUES (101,72,'Chuẩn bị checklist trước khi bắt đầu project',NULL,NULL,NULL,0,NULL,1,'2026-02-04 19:20:19','2026-02-04 19:20:19');
INSERT INTO `milestone_todos` (`id`, `milestone_id`, `title`, `description`, `start_date`, `end_date`, `is_completed`, `completed_at`, `sort_order`, `created_at`, `updated_at`) VALUES (102,72,'Gửi recap sau mỗi buổi trao đổi',NULL,NULL,NULL,0,NULL,2,'2026-02-04 19:20:24','2026-02-04 19:20:24');
INSERT INTO `milestone_todos` (`id`, `milestone_id`, `title`, `description`, `start_date`, `end_date`, `is_completed`, `completed_at`, `sort_order`, `created_at`, `updated_at`) VALUES (103,73,'Tự review lại feedback cũ',NULL,NULL,NULL,0,NULL,1,'2026-02-04 19:21:03','2026-02-04 19:21:03');
INSERT INTO `milestone_todos` (`id`, `milestone_id`, `title`, `description`, `start_date`, `end_date`, `is_completed`, `completed_at`, `sort_order`, `created_at`, `updated_at`) VALUES (104,73,'Điều chỉnh cách giao tiếp nếu cần',NULL,NULL,NULL,0,NULL,2,'2026-02-04 19:21:08','2026-02-04 19:21:08');
INSERT INTO `milestone_todos` (`id`, `milestone_id`, `title`, `description`, `start_date`, `end_date`, `is_completed`, `completed_at`, `sort_order`, `created_at`, `updated_at`) VALUES (105,74,'Chuẩn hóa cách mở & kết project',NULL,NULL,NULL,0,NULL,1,'2026-02-04 19:21:39','2026-02-04 19:21:39');
INSERT INTO `milestone_todos` (`id`, `milestone_id`, `title`, `description`, `start_date`, `end_date`, `is_completed`, `completed_at`, `sort_order`, `created_at`, `updated_at`) VALUES (106,74,'Hỏi feedback ngắn sau khi hoàn thành',NULL,NULL,NULL,0,NULL,2,'2026-02-04 19:21:44','2026-02-04 19:21:44');
INSERT INTO `milestone_todos` (`id`, `milestone_id`, `title`, `description`, `start_date`, `end_date`, `is_completed`, `completed_at`, `sort_order`, `created_at`, `updated_at`) VALUES (107,75,'Tổng hợp feedback cả năm',NULL,NULL,NULL,0,NULL,1,'2026-02-04 19:22:24','2026-02-04 19:22:24');
INSERT INTO `milestone_todos` (`id`, `milestone_id`, `title`, `description`, `start_date`, `end_date`, `is_completed`, `completed_at`, `sort_order`, `created_at`, `updated_at`) VALUES (108,75,'Rút ra 3 nguyên tắc làm việc cốt lõi',NULL,NULL,NULL,0,NULL,2,'2026-02-04 19:22:29','2026-02-04 19:22:29');
INSERT INTO `milestone_todos` (`id`, `milestone_id`, `title`, `description`, `start_date`, `end_date`, `is_completed`, `completed_at`, `sort_order`, `created_at`, `updated_at`) VALUES (109,76,'Confirm lịch công tác, địa điểm làm việc',NULL,NULL,NULL,1,'2026-02-04 22:26:07',1,'2026-02-04 19:51:14','2026-02-04 22:26:07');
INSERT INTO `milestone_todos` (`id`, `milestone_id`, `title`, `description`, `start_date`, `end_date`, `is_completed`, `completed_at`, `sort_order`, `created_at`, `updated_at`) VALUES (110,76,'Book vé & check chỗ ở',NULL,NULL,NULL,1,'2026-02-06 05:57:19',2,'2026-02-04 19:51:22','2026-02-06 05:57:19');
INSERT INTO `milestone_todos` (`id`, `milestone_id`, `title`, `description`, `start_date`, `end_date`, `is_completed`, `completed_at`, `sort_order`, `created_at`, `updated_at`) VALUES (111,76,'Chuẩn bị tài liệu, đồ đạc',NULL,NULL,NULL,0,NULL,3,'2026-02-04 19:51:32','2026-02-04 19:51:32');
INSERT INTO `milestone_todos` (`id`, `milestone_id`, `title`, `description`, `start_date`, `end_date`, `is_completed`, `completed_at`, `sort_order`, `created_at`, `updated_at`) VALUES (112,77,'Di chuyển Osaka → Fukuoka',NULL,NULL,NULL,0,NULL,1,'2026-02-04 19:52:15','2026-02-04 19:52:15');
INSERT INTO `milestone_todos` (`id`, `milestone_id`, `title`, `description`, `start_date`, `end_date`, `is_completed`, `completed_at`, `sort_order`, `created_at`, `updated_at`) VALUES (115,78,'Làm việc chuyên sâu',NULL,NULL,NULL,0,NULL,1,'2026-02-04 19:55:22','2026-02-04 19:55:22');
INSERT INTO `milestone_todos` (`id`, `milestone_id`, `title`, `description`, `start_date`, `end_date`, `is_completed`, `completed_at`, `sort_order`, `created_at`, `updated_at`) VALUES (116,78,'Tổng hợp dữ liệu hằng ngày',NULL,NULL,NULL,0,NULL,2,'2026-02-04 19:55:26','2026-02-04 19:55:26');
INSERT INTO `milestone_todos` (`id`, `milestone_id`, `title`, `description`, `start_date`, `end_date`, `is_completed`, `completed_at`, `sort_order`, `created_at`, `updated_at`) VALUES (117,78,'Follow-up',NULL,NULL,NULL,0,NULL,3,'2026-02-04 19:55:52','2026-02-04 19:55:52');
INSERT INTO `milestone_todos` (`id`, `milestone_id`, `title`, `description`, `start_date`, `end_date`, `is_completed`, `completed_at`, `sort_order`, `created_at`, `updated_at`) VALUES (118,78,'Điều chỉnh theo thực tế',NULL,NULL,NULL,0,NULL,4,'2026-02-04 19:55:59','2026-02-04 19:55:59');
INSERT INTO `milestone_todos` (`id`, `milestone_id`, `title`, `description`, `start_date`, `end_date`, `is_completed`, `completed_at`, `sort_order`, `created_at`, `updated_at`) VALUES (119,79,'Báo cáo final',NULL,NULL,NULL,0,NULL,1,'2026-02-04 19:56:28','2026-02-04 19:56:28');
INSERT INTO `milestone_todos` (`id`, `milestone_id`, `title`, `description`, `start_date`, `end_date`, `is_completed`, `completed_at`, `sort_order`, `created_at`, `updated_at`) VALUES (120,79,'Báo cáo final',NULL,NULL,NULL,0,NULL,2,'2026-02-04 19:56:29','2026-02-04 19:56:29');
INSERT INTO `milestone_todos` (`id`, `milestone_id`, `title`, `description`, `start_date`, `end_date`, `is_completed`, `completed_at`, `sort_order`, `created_at`, `updated_at`) VALUES (121,79,'Họp tổng kết',NULL,NULL,NULL,0,NULL,3,'2026-02-04 19:56:34','2026-02-04 19:56:34');
INSERT INTO `milestone_todos` (`id`, `milestone_id`, `title`, `description`, `start_date`, `end_date`, `is_completed`, `completed_at`, `sort_order`, `created_at`, `updated_at`) VALUES (122,79,'Chuẩn bị rời Fukuoka',NULL,NULL,NULL,0,NULL,4,'2026-02-04 19:56:38','2026-02-04 19:56:38');
INSERT INTO `milestone_todos` (`id`, `milestone_id`, `title`, `description`, `start_date`, `end_date`, `is_completed`, `completed_at`, `sort_order`, `created_at`, `updated_at`) VALUES (123,77,'Chạy bộ 2–3 buổi nhẹ',NULL,NULL,NULL,0,NULL,2,'2026-02-04 20:00:24','2026-02-04 20:00:24');
INSERT INTO `milestone_todos` (`id`, `milestone_id`, `title`, `description`, `start_date`, `end_date`, `is_completed`, `completed_at`, `sort_order`, `created_at`, `updated_at`) VALUES (124,77,'Thử 1–2 món đặc sản địa phương',NULL,NULL,NULL,0,NULL,3,'2026-02-04 20:00:28','2026-02-04 20:00:28');
INSERT INTO `milestone_todos` (`id`, `milestone_id`, `title`, `description`, `start_date`, `end_date`, `is_completed`, `completed_at`, `sort_order`, `created_at`, `updated_at`) VALUES (125,78,'Leo núi nhẹ hoặc đi chơi cuối tuần',NULL,NULL,NULL,0,NULL,5,'2026-02-04 20:01:14','2026-02-04 20:01:14');
INSERT INTO `milestone_todos` (`id`, `milestone_id`, `title`, `description`, `start_date`, `end_date`, `is_completed`, `completed_at`, `sort_order`, `created_at`, `updated_at`) VALUES (126,78,'Chạy bộ đều đặn',NULL,NULL,NULL,0,NULL,6,'2026-02-04 20:01:28','2026-02-04 20:01:28');
INSERT INTO `milestone_todos` (`id`, `milestone_id`, `title`, `description`, `start_date`, `end_date`, `is_completed`, `completed_at`, `sort_order`, `created_at`, `updated_at`) VALUES (127,79,'Solo trip cuối tuần',NULL,NULL,NULL,0,NULL,5,'2026-02-04 20:02:07','2026-02-04 20:02:07');
INSERT INTO `milestone_todos` (`id`, `milestone_id`, `title`, `description`, `start_date`, `end_date`, `is_completed`, `completed_at`, `sort_order`, `created_at`, `updated_at`) VALUES (129,80,'Công viên Ohori (大濠公園)',NULL,NULL,NULL,0,NULL,2,'2026-02-04 20:09:58','2026-02-04 20:09:58');
INSERT INTO `milestone_todos` (`id`, `milestone_id`, `title`, `description`, `start_date`, `end_date`, `is_completed`, `completed_at`, `sort_order`, `created_at`, `updated_at`) VALUES (130,80,'Sông Naka (那珂川)',NULL,NULL,NULL,0,NULL,2,'2026-02-04 20:10:12','2026-02-04 20:10:12');
INSERT INTO `milestone_todos` (`id`, `milestone_id`, `title`, `description`, `start_date`, `end_date`, `is_completed`, `completed_at`, `sort_order`, `created_at`, `updated_at`) VALUES (131,80,'Momochi Seaside (百道浜)',NULL,NULL,NULL,0,NULL,3,'2026-02-04 20:10:22','2026-02-04 20:10:22');
INSERT INTO `milestone_todos` (`id`, `milestone_id`, `title`, `description`, `start_date`, `end_date`, `is_completed`, `completed_at`, `sort_order`, `created_at`, `updated_at`) VALUES (132,81,'Núi Tachibana (立花山)',NULL,NULL,NULL,0,NULL,1,'2026-02-04 20:10:47','2026-02-04 20:10:47');
INSERT INTO `milestone_todos` (`id`, `milestone_id`, `title`, `description`, `start_date`, `end_date`, `is_completed`, `completed_at`, `sort_order`, `created_at`, `updated_at`) VALUES (133,81,'Núi Abura (油山)',NULL,NULL,NULL,0,NULL,2,'2026-02-04 20:10:55','2026-02-04 20:10:55');
INSERT INTO `milestone_todos` (`id`, `milestone_id`, `title`, `description`, `start_date`, `end_date`, `is_completed`, `completed_at`, `sort_order`, `created_at`, `updated_at`) VALUES (134,81,'Núi Homan (宝満山)',NULL,NULL,NULL,0,NULL,3,'2026-02-04 20:11:02','2026-02-04 20:11:02');
INSERT INTO `milestone_todos` (`id`, `milestone_id`, `title`, `description`, `start_date`, `end_date`, `is_completed`, `completed_at`, `sort_order`, `created_at`, `updated_at`) VALUES (135,82,'Hakata Ramen',NULL,NULL,NULL,0,NULL,1,'2026-02-04 20:11:26','2026-02-04 20:11:26');
INSERT INTO `milestone_todos` (`id`, `milestone_id`, `title`, `description`, `start_date`, `end_date`, `is_completed`, `completed_at`, `sort_order`, `created_at`, `updated_at`) VALUES (136,82,'明太子',NULL,NULL,NULL,0,NULL,2,'2026-02-04 20:11:33','2026-02-04 20:11:33');
INSERT INTO `milestone_todos` (`id`, `milestone_id`, `title`, `description`, `start_date`, `end_date`, `is_completed`, `completed_at`, `sort_order`, `created_at`, `updated_at`) VALUES (137,82,'もつ鍋',NULL,NULL,NULL,0,NULL,3,'2026-02-04 20:11:47','2026-02-04 20:11:47');
INSERT INTO `milestone_todos` (`id`, `milestone_id`, `title`, `description`, `start_date`, `end_date`, `is_completed`, `completed_at`, `sort_order`, `created_at`, `updated_at`) VALUES (138,83,'Chọn 1–2 khung giờ quen để dễ gọi',NULL,NULL,NULL,0,NULL,1,'2026-02-04 21:18:30','2026-02-04 21:18:30');
INSERT INTO `milestone_todos` (`id`, `milestone_id`, `title`, `description`, `start_date`, `end_date`, `is_completed`, `completed_at`, `sort_order`, `created_at`, `updated_at`) VALUES (139,83,'Không trì hoãn chỉ vì “chưa có gì để nói”',NULL,NULL,NULL,0,NULL,2,'2026-02-04 21:18:35','2026-02-04 21:18:35');
INSERT INTO `milestone_todos` (`id`, `milestone_id`, `title`, `description`, `start_date`, `end_date`, `is_completed`, `completed_at`, `sort_order`, `created_at`, `updated_at`) VALUES (140,84,'Chủ động chia sẻ 1 câu chuyện cá nhân',NULL,NULL,NULL,0,NULL,1,'2026-02-04 21:19:22','2026-02-04 21:19:22');
INSERT INTO `milestone_todos` (`id`, `milestone_id`, `title`, `description`, `start_date`, `end_date`, `is_completed`, `completed_at`, `sort_order`, `created_at`, `updated_at`) VALUES (141,84,'Lắng nghe nhiều hơn, không vội kết thúc',NULL,NULL,NULL,0,NULL,2,'2026-02-04 21:19:27','2026-02-04 21:19:27');
INSERT INTO `milestone_todos` (`id`, `milestone_id`, `title`, `description`, `start_date`, `end_date`, `is_completed`, `completed_at`, `sort_order`, `created_at`, `updated_at`) VALUES (142,84,'Ít nhất 1 cuộc gọi dài (15–30 phút) / tháng',NULL,NULL,NULL,0,NULL,3,'2026-02-04 21:20:35','2026-02-04 21:20:35');
INSERT INTO `milestone_todos` (`id`, `milestone_id`, `title`, `description`, `start_date`, `end_date`, `is_completed`, `completed_at`, `sort_order`, `created_at`, `updated_at`) VALUES (143,83,'4–6 cuộc gọi / tháng',NULL,NULL,NULL,0,NULL,3,'2026-02-04 21:20:43','2026-02-04 21:20:43');
INSERT INTO `milestone_todos` (`id`, `milestone_id`, `title`, `description`, `start_date`, `end_date`, `is_completed`, `completed_at`, `sort_order`, `created_at`, `updated_at`) VALUES (144,85,'1 cuộc gọi có chia sẻ cảm xúc thật / tháng',NULL,NULL,NULL,0,NULL,1,'2026-02-04 21:20:58','2026-02-04 21:20:58');
INSERT INTO `milestone_todos` (`id`, `milestone_id`, `title`, `description`, `start_date`, `end_date`, `is_completed`, `completed_at`, `sort_order`, `created_at`, `updated_at`) VALUES (145,85,'Không cần tìm lời hoàn hảo',NULL,NULL,NULL,0,NULL,2,'2026-02-04 21:21:07','2026-02-04 21:21:07');
INSERT INTO `milestone_todos` (`id`, `milestone_id`, `title`, `description`, `start_date`, `end_date`, `is_completed`, `completed_at`, `sort_order`, `created_at`, `updated_at`) VALUES (146,86,'Nhìn lại: mối quan hệ có nhẹ nhàng hơn không',NULL,NULL,NULL,0,NULL,1,'2026-02-04 21:21:43','2026-02-04 21:21:43');
INSERT INTO `milestone_todos` (`id`, `milestone_id`, `title`, `description`, `start_date`, `end_date`, `is_completed`, `completed_at`, `sort_order`, `created_at`, `updated_at`) VALUES (147,86,'Giữ lại những cuộc gọi làm mình ấm lòng',NULL,NULL,NULL,0,NULL,2,'2026-02-04 21:21:49','2026-02-04 21:21:49');
INSERT INTO `milestone_todos` (`id`, `milestone_id`, `title`, `description`, `start_date`, `end_date`, `is_completed`, `completed_at`, `sort_order`, `created_at`, `updated_at`) VALUES (148,89,'12/12 tháng được sắp xếp rõ ràng',NULL,NULL,NULL,0,NULL,1,'2026-02-04 21:26:55','2026-02-04 21:26:55');
INSERT INTO `milestone_todos` (`id`, `milestone_id`, `title`, `description`, `start_date`, `end_date`, `is_completed`, `completed_at`, `sort_order`, `created_at`, `updated_at`) VALUES (149,88,'100% người trong danh sách có ghi chú',NULL,NULL,NULL,0,NULL,1,'2026-02-04 21:27:07','2026-02-04 21:27:07');
INSERT INTO `milestone_todos` (`id`, `milestone_id`, `title`, `description`, `start_date`, `end_date`, `is_completed`, `completed_at`, `sort_order`, `created_at`, `updated_at`) VALUES (150,87,'Danh sách hoàn chỉnh 100%',NULL,NULL,NULL,0,NULL,1,'2026-02-04 21:27:19','2026-02-04 21:27:19');
INSERT INTO `milestone_todos` (`id`, `milestone_id`, `title`, `description`, `start_date`, `end_date`, `is_completed`, `completed_at`, `sort_order`, `created_at`, `updated_at`) VALUES (151,90,'1 chiến lược rõ ràng, áp dụng cho toàn năm',NULL,NULL,NULL,0,NULL,1,'2026-02-04 21:28:36','2026-02-04 21:28:36');
INSERT INTO `milestone_todos` (`id`, `milestone_id`, `title`, `description`, `start_date`, `end_date`, `is_completed`, `completed_at`, `sort_order`, `created_at`, `updated_at`) VALUES (152,92,'Xem đủ 3 bài',NULL,NULL,NULL,0,NULL,1,'2026-02-04 21:44:13','2026-02-04 21:44:13');
INSERT INTO `milestone_todos` (`id`, `milestone_id`, `title`, `description`, `start_date`, `end_date`, `is_completed`, `completed_at`, `sort_order`, `created_at`, `updated_at`) VALUES (153,92,'Ghi lại 3 lý do Mình nên đầu tư',NULL,NULL,NULL,0,NULL,2,'2026-02-04 21:44:18','2026-02-04 21:44:18');
INSERT INTO `milestone_todos` (`id`, `milestone_id`, `title`, `description`, `start_date`, `end_date`, `is_completed`, `completed_at`, `sort_order`, `created_at`, `updated_at`) VALUES (154,92,'Viết 1 đoạn ngắn: “Mình muốn đầu tư để làm gì?”',NULL,NULL,NULL,0,NULL,3,'2026-02-04 21:44:25','2026-02-04 21:44:25');
INSERT INTO `milestone_todos` (`id`, `milestone_id`, `title`, `description`, `start_date`, `end_date`, `is_completed`, `completed_at`, `sort_order`, `created_at`, `updated_at`) VALUES (155,93,'Xem đủ 5 bài',NULL,NULL,NULL,0,NULL,1,'2026-02-04 21:45:00','2026-02-04 21:45:00');
INSERT INTO `milestone_todos` (`id`, `milestone_id`, `title`, `description`, `start_date`, `end_date`, `is_completed`, `completed_at`, `sort_order`, `created_at`, `updated_at`) VALUES (156,93,'Note lại các khái niệm chính',NULL,NULL,NULL,0,NULL,2,'2026-02-04 21:45:05','2026-02-04 21:45:05');
INSERT INTO `milestone_todos` (`id`, `milestone_id`, `title`, `description`, `start_date`, `end_date`, `is_completed`, `completed_at`, `sort_order`, `created_at`, `updated_at`) VALUES (157,93,'Đánh dấu những phần Mình chưa hiểu rõ',NULL,NULL,NULL,0,NULL,3,'2026-02-04 21:45:11','2026-02-04 21:45:11');
INSERT INTO `milestone_todos` (`id`, `milestone_id`, `title`, `description`, `start_date`, `end_date`, `is_completed`, `completed_at`, `sort_order`, `created_at`, `updated_at`) VALUES (158,94,'Xem đủ 6 bài',NULL,NULL,NULL,0,NULL,1,'2026-02-04 21:45:47','2026-02-04 21:45:47');
INSERT INTO `milestone_todos` (`id`, `milestone_id`, `title`, `description`, `start_date`, `end_date`, `is_completed`, `completed_at`, `sort_order`, `created_at`, `updated_at`) VALUES (159,94,'So sánh ít nhất 2 chiến lược',NULL,NULL,NULL,0,NULL,2,'2026-02-04 21:45:52','2026-02-04 21:45:52');
INSERT INTO `milestone_todos` (`id`, `milestone_id`, `title`, `description`, `start_date`, `end_date`, `is_completed`, `completed_at`, `sort_order`, `created_at`, `updated_at`) VALUES (160,94,'Chọn ra 1 chiến lược Mình thấy phù hợp nhất (chưa cần áp dụng)',NULL,NULL,NULL,0,NULL,3,'2026-02-04 21:45:57','2026-02-04 21:45:57');
INSERT INTO `milestone_todos` (`id`, `milestone_id`, `title`, `description`, `start_date`, `end_date`, `is_completed`, `completed_at`, `sort_order`, `created_at`, `updated_at`) VALUES (161,95,'Xem đủ 8 bài',NULL,NULL,NULL,0,NULL,1,'2026-02-04 21:48:13','2026-02-04 21:48:13');
INSERT INTO `milestone_todos` (`id`, `milestone_id`, `title`, `description`, `start_date`, `end_date`, `is_completed`, `completed_at`, `sort_order`, `created_at`, `updated_at`) VALUES (162,95,'Ghi lại “5 điều Mình tuyệt đối tránh khi đầu tư”',NULL,NULL,NULL,0,NULL,2,'2026-02-04 21:48:18','2026-02-04 21:48:18');
INSERT INTO `milestone_todos` (`id`, `milestone_id`, `title`, `description`, `start_date`, `end_date`, `is_completed`, `completed_at`, `sort_order`, `created_at`, `updated_at`) VALUES (163,95,'Tự check xem bản thân dễ mắc lỗi nào',NULL,NULL,NULL,0,NULL,3,'2026-02-04 21:48:25','2026-02-04 21:48:25');
INSERT INTO `milestone_todos` (`id`, `milestone_id`, `title`, `description`, `start_date`, `end_date`, `is_completed`, `completed_at`, `sort_order`, `created_at`, `updated_at`) VALUES (164,96,'Hoàn thành các bài thực hành',NULL,NULL,NULL,0,NULL,1,'2026-02-04 21:48:55','2026-02-04 21:48:55');
INSERT INTO `milestone_todos` (`id`, `milestone_id`, `title`, `description`, `start_date`, `end_date`, `is_completed`, `completed_at`, `sort_order`, `created_at`, `updated_at`) VALUES (165,96,'Tổng hợp lại toàn bộ ghi chú khóa học',NULL,NULL,NULL,0,NULL,2,'2026-02-04 21:49:00','2026-02-04 21:49:00');
INSERT INTO `milestone_todos` (`id`, `milestone_id`, `title`, `description`, `start_date`, `end_date`, `is_completed`, `completed_at`, `sort_order`, `created_at`, `updated_at`) VALUES (166,96,'Viết 1 trang: “Nguyên tắc đầu tư của Mình”',NULL,NULL,NULL,0,NULL,3,'2026-02-04 21:49:06','2026-02-04 21:49:06');
INSERT INTO `milestone_todos` (`id`, `milestone_id`, `title`, `description`, `start_date`, `end_date`, `is_completed`, `completed_at`, `sort_order`, `created_at`, `updated_at`) VALUES (167,51,'Hoàn thành 20–30 mẫu câu cốt lõi',NULL,NULL,NULL,0,NULL,1,'2026-02-04 21:50:51','2026-02-04 21:50:51');
INSERT INTO `milestone_todos` (`id`, `milestone_id`, `title`, `description`, `start_date`, `end_date`, `is_completed`, `completed_at`, `sort_order`, `created_at`, `updated_at`) VALUES (168,51,'Nghe – nhại lại mẫu câu mỗi ngày',NULL,NULL,NULL,0,NULL,2,'2026-02-04 21:50:56','2026-02-04 21:50:56');
INSERT INTO `milestone_todos` (`id`, `milestone_id`, `title`, `description`, `start_date`, `end_date`, `is_completed`, `completed_at`, `sort_order`, `created_at`, `updated_at`) VALUES (169,51,'Tự nói 1 mình trước gương / khi đi bộ',NULL,NULL,NULL,0,NULL,3,'2026-02-04 21:51:00','2026-02-04 21:51:00');
INSERT INTO `milestone_todos` (`id`, `milestone_id`, `title`, `description`, `start_date`, `end_date`, `is_completed`, `completed_at`, `sort_order`, `created_at`, `updated_at`) VALUES (170,97,'5 tình huống trọn vẹn (airport, hotel, cafe, hỏi đường, mua vé)',NULL,NULL,NULL,0,NULL,1,'2026-02-04 21:51:22','2026-02-04 21:51:22');
INSERT INTO `milestone_todos` (`id`, `milestone_id`, `title`, `description`, `start_date`, `end_date`, `is_completed`, `completed_at`, `sort_order`, `created_at`, `updated_at`) VALUES (171,97,'Tự role-play mỗi tình huống 3–5 phút',NULL,NULL,NULL,0,NULL,2,'2026-02-04 21:51:28','2026-02-04 21:51:28');
INSERT INTO `milestone_todos` (`id`, `milestone_id`, `title`, `description`, `start_date`, `end_date`, `is_completed`, `completed_at`, `sort_order`, `created_at`, `updated_at`) VALUES (172,97,'Ghi âm giọng nói nghe lại',NULL,NULL,NULL,0,NULL,3,'2026-02-04 21:51:33','2026-02-04 21:51:33');
INSERT INTO `milestone_todos` (`id`, `milestone_id`, `title`, `description`, `start_date`, `end_date`, `is_completed`, `completed_at`, `sort_order`, `created_at`, `updated_at`) VALUES (173,98,'Nói liên tục 5–7 phút không bí',NULL,NULL,NULL,0,NULL,1,'2026-02-04 21:51:58','2026-02-04 21:51:58');
INSERT INTO `milestone_todos` (`id`, `milestone_id`, `title`, `description`, `start_date`, `end_date`, `is_completed`, `completed_at`, `sort_order`, `created_at`, `updated_at`) VALUES (174,98,'Shadowing hội thoại thật',NULL,NULL,NULL,0,NULL,2,'2026-02-04 21:52:04','2026-02-04 21:52:04');
INSERT INTO `milestone_todos` (`id`, `milestone_id`, `title`, `description`, `start_date`, `end_date`, `is_completed`, `completed_at`, `sort_order`, `created_at`, `updated_at`) VALUES (175,98,'Tập phản xạ trả lời không chuẩn bị trước',NULL,NULL,NULL,0,NULL,3,'2026-02-04 21:52:08','2026-02-04 21:52:08');
INSERT INTO `milestone_todos` (`id`, `milestone_id`, `title`, `description`, `start_date`, `end_date`, `is_completed`, `completed_at`, `sort_order`, `created_at`, `updated_at`) VALUES (176,99,'Tự tin giao tiếp trong chuyến đi',NULL,NULL,NULL,0,NULL,1,'2026-02-04 21:52:28','2026-02-04 21:52:28');
INSERT INTO `milestone_todos` (`id`, `milestone_id`, `title`, `description`, `start_date`, `end_date`, `is_completed`, `completed_at`, `sort_order`, `created_at`, `updated_at`) VALUES (177,99,'Ôn nhanh các tình huống thường gặp',NULL,NULL,NULL,0,NULL,2,'2026-02-04 21:52:34','2026-02-04 21:52:34');
INSERT INTO `milestone_todos` (`id`, `milestone_id`, `title`, `description`, `start_date`, `end_date`, `is_completed`, `completed_at`, `sort_order`, `created_at`, `updated_at`) VALUES (178,99,'Nói chuyện casual với người nước ngoài nếu có cơ hội',NULL,NULL,NULL,0,NULL,3,'2026-02-04 21:52:39','2026-02-04 21:52:39');
INSERT INTO `milestone_todos` (`id`, `milestone_id`, `title`, `description`, `start_date`, `end_date`, `is_completed`, `completed_at`, `sort_order`, `created_at`, `updated_at`) VALUES (179,100,'Chọn font & layout blog',NULL,NULL,NULL,1,'2026-02-04 22:19:41',1,'2026-02-04 22:19:38','2026-02-04 22:19:41');
INSERT INTO `milestone_todos` (`id`, `milestone_id`, `title`, `description`, `start_date`, `end_date`, `is_completed`, `completed_at`, `sort_order`, `created_at`, `updated_at`) VALUES (180,100,'Tạo intro YouTube tối giản',NULL,NULL,NULL,0,NULL,2,'2026-02-04 22:19:48','2026-02-04 22:19:48');
INSERT INTO `milestone_todos` (`id`, `milestone_id`, `title`, `description`, `start_date`, `end_date`, `is_completed`, `completed_at`, `sort_order`, `created_at`, `updated_at`) VALUES (181,100,'Lập playlist / series cố định',NULL,NULL,NULL,0,NULL,3,'2026-02-04 22:19:54','2026-02-04 22:19:54');
INSERT INTO `milestone_todos` (`id`, `milestone_id`, `title`, `description`, `start_date`, `end_date`, `is_completed`, `completed_at`, `sort_order`, `created_at`, `updated_at`) VALUES (182,101,'12 bài',NULL,NULL,NULL,0,NULL,1,'2026-02-04 22:20:31','2026-02-04 22:20:31');
INSERT INTO `milestone_todos` (`id`, `milestone_id`, `title`, `description`, `start_date`, `end_date`, `is_completed`, `completed_at`, `sort_order`, `created_at`, `updated_at`) VALUES (183,101,'Viết trước 1–2 bài dự phòng',NULL,NULL,NULL,0,NULL,2,'2026-02-04 22:20:36','2026-02-04 22:20:36');
INSERT INTO `milestone_todos` (`id`, `milestone_id`, `title`, `description`, `start_date`, `end_date`, `is_completed`, `completed_at`, `sort_order`, `created_at`, `updated_at`) VALUES (184,101,'Chấp nhận bài “chưa hay”',NULL,NULL,NULL,0,NULL,3,'2026-02-04 22:20:43','2026-02-04 22:20:43');
INSERT INTO `milestone_todos` (`id`, `milestone_id`, `title`, `description`, `start_date`, `end_date`, `is_completed`, `completed_at`, `sort_order`, `created_at`, `updated_at`) VALUES (185,101,'Không chỉnh sửa quá 2 lần',NULL,NULL,NULL,0,NULL,4,'2026-02-04 22:20:48','2026-02-04 22:20:48');
INSERT INTO `milestone_todos` (`id`, `milestone_id`, `title`, `description`, `start_date`, `end_date`, `is_completed`, `completed_at`, `sort_order`, `created_at`, `updated_at`) VALUES (186,102,'12–13 video',NULL,NULL,NULL,0,NULL,1,'2026-02-04 22:21:19','2026-02-04 22:21:19');
INSERT INTO `milestone_todos` (`id`, `milestone_id`, `title`, `description`, `start_date`, `end_date`, `is_completed`, `completed_at`, `sort_order`, `created_at`, `updated_at`) VALUES (187,102,'Quay ngắn, ít cắt',NULL,NULL,NULL,0,NULL,2,'2026-02-04 22:21:23','2026-02-04 22:21:23');
INSERT INTO `milestone_todos` (`id`, `milestone_id`, `title`, `description`, `start_date`, `end_date`, `is_completed`, `completed_at`, `sort_order`, `created_at`, `updated_at`) VALUES (188,102,'Ưu tiên cảm xúc hơn kỹ thuật',NULL,NULL,NULL,0,NULL,3,'2026-02-04 22:21:29','2026-02-04 22:21:29');
INSERT INTO `milestone_todos` (`id`, `milestone_id`, `title`, `description`, `start_date`, `end_date`, `is_completed`, `completed_at`, `sort_order`, `created_at`, `updated_at`) VALUES (189,102,'Lưu raw footage cẩn thận',NULL,NULL,NULL,0,NULL,4,'2026-02-04 22:21:34','2026-02-04 22:21:34');
INSERT INTO `milestone_todos` (`id`, `milestone_id`, `title`, `description`, `start_date`, `end_date`, `is_completed`, `completed_at`, `sort_order`, `created_at`, `updated_at`) VALUES (190,103,'Chọn 5 bài blog & 5 video ý nghĩa nhất',NULL,NULL,NULL,0,NULL,1,'2026-02-04 22:22:08','2026-02-04 22:22:08');
INSERT INTO `milestone_todos` (`id`, `milestone_id`, `title`, `description`, `start_date`, `end_date`, `is_completed`, `completed_at`, `sort_order`, `created_at`, `updated_at`) VALUES (191,103,'Viết một bài “Mình đã không quên”',NULL,NULL,NULL,0,NULL,2,'2026-02-04 22:22:13','2026-02-04 22:22:13');
INSERT INTO `milestone_todos` (`id`, `milestone_id`, `title`, `description`, `start_date`, `end_date`, `is_completed`, `completed_at`, `sort_order`, `created_at`, `updated_at`) VALUES (204,105,'ハウステンボス（Huis Ten Bosch）  Công viên Huis Ten Bosch',NULL,NULL,NULL,0,NULL,1,'2026-02-04 22:38:36','2026-02-04 22:38:36');
INSERT INTO `milestone_todos` (`id`, `milestone_id`, `title`, `description`, `start_date`, `end_date`, `is_completed`, `completed_at`, `sort_order`, `created_at`, `updated_at`) VALUES (205,105,'太宰府天満宮（Dazaifu Tenmangū）  Đền Dazaifu Tenmangu',NULL,NULL,NULL,0,NULL,2,'2026-02-04 22:38:43','2026-02-04 22:38:43');
INSERT INTO `milestone_todos` (`id`, `milestone_id`, `title`, `description`, `start_date`, `end_date`, `is_completed`, `completed_at`, `sort_order`, `created_at`, `updated_at`) VALUES (206,105,'糸島（Itoshima）  Bán đảo Itoshima',NULL,NULL,NULL,0,NULL,3,'2026-02-04 22:38:49','2026-02-04 22:38:49');
INSERT INTO `milestone_todos` (`id`, `milestone_id`, `title`, `description`, `start_date`, `end_date`, `is_completed`, `completed_at`, `sort_order`, `created_at`, `updated_at`) VALUES (207,105,'柳川（Yanagawa）  Thành phố kênh đào Yanagawa',NULL,NULL,NULL,0,NULL,4,'2026-02-04 22:38:55','2026-02-04 22:38:55');
INSERT INTO `milestone_todos` (`id`, `milestone_id`, `title`, `description`, `start_date`, `end_date`, `is_completed`, `completed_at`, `sort_order`, `created_at`, `updated_at`) VALUES (208,105,'阿蘇山（Mount Aso）  Núi Aso',NULL,NULL,NULL,0,NULL,5,'2026-02-04 22:39:03','2026-02-04 22:39:03');
INSERT INTO `milestone_todos` (`id`, `milestone_id`, `title`, `description`, `start_date`, `end_date`, `is_completed`, `completed_at`, `sort_order`, `created_at`, `updated_at`) VALUES (209,105,'別府地獄めぐり（Beppu Jigoku Meguri）  Tour địa ngục Beppu',NULL,NULL,NULL,0,NULL,6,'2026-02-04 22:39:11','2026-02-04 22:39:11');
INSERT INTO `milestone_todos` (`id`, `milestone_id`, `title`, `description`, `start_date`, `end_date`, `is_completed`, `completed_at`, `sort_order`, `created_at`, `updated_at`) VALUES (210,105,'由布院（Yufuin）  Thị trấn Yufuin',NULL,NULL,NULL,0,NULL,7,'2026-02-04 22:39:18','2026-02-04 22:39:18');
INSERT INTO `milestone_todos` (`id`, `milestone_id`, `title`, `description`, `start_date`, `end_date`, `is_completed`, `completed_at`, `sort_order`, `created_at`, `updated_at`) VALUES (211,105,'壱岐島（Iki Island）  Đảo Iki',NULL,NULL,NULL,0,NULL,8,'2026-02-04 22:39:24','2026-02-04 22:39:24');
INSERT INTO `milestone_todos` (`id`, `milestone_id`, `title`, `description`, `start_date`, `end_date`, `is_completed`, `completed_at`, `sort_order`, `created_at`, `updated_at`) VALUES (212,105,'唐津城（Karatsu Castle）  Lâu đài Karatsu',NULL,NULL,NULL,0,NULL,9,'2026-02-04 22:39:30','2026-02-04 22:39:30');
INSERT INTO `goal_checklists` (`id`, `goal_id`, `title`, `is_completed`, `sort_order`, `created_at`, `updated_at`) VALUES (1,9,'REVIEW SÁCH',0,1,'2026-02-02 18:42:50','2026-02-02 18:42:50');
INSERT INTO `goal_checklists` (`id`, `goal_id`, `title`, `is_completed`, `sort_order`, `created_at`, `updated_at`) VALUES (2,15,'30–40 mẫu câu “sống sót” khi travel',0,1,'2026-02-03 17:26:45','2026-02-03 17:26:45');
INSERT INTO `goal_checklists` (`id`, `goal_id`, `title`, `is_completed`, `sort_order`, `created_at`, `updated_at`) VALUES (3,15,'10–15 tình huống hoàn chỉnh (role-play)',0,2,'2026-02-03 17:26:50','2026-02-03 17:26:50');
INSERT INTO `goal_checklists` (`id`, `goal_id`, `title`, `is_completed`, `sort_order`, `created_at`, `updated_at`) VALUES (4,9,'20–30 phút/buổi',0,2,'2026-02-03 21:25:39','2026-02-03 21:25:39');
INSERT INTO `goal_checklists` (`id`, `goal_id`, `title`, `is_completed`, `sort_order`, `created_at`, `updated_at`) VALUES (5,9,'Viết ngay \"1 cảm giác, 1 đoạn chạm\" sau khi đọc xong',0,3,'2026-02-03 21:27:27','2026-02-03 21:27:27');
INSERT INTO `goal_checklists` (`id`, `goal_id`, `title`, `is_completed`, `sort_order`, `created_at`, `updated_at`) VALUES (6,2,'https://duonglien.notion.site/Countdown-14-Days-Full-Marathon-Race-day-15-03-2fc1b93e1041807ab929c5f6ef1a1d86?source=copy_link',0,1,'2026-02-03 22:38:08','2026-02-03 22:38:08');
INSERT INTO `goal_checklists` (`id`, `goal_id`, `title`, `is_completed`, `sort_order`, `created_at`, `updated_at`) VALUES (7,14,'Nếu tuần đó quá mệt → cho phép vẽ sketch / line / 1 màu',0,1,'2026-02-03 22:50:51','2026-02-03 22:50:51');
INSERT INTO `goal_checklists` (`id`, `goal_id`, `title`, `is_completed`, `sort_order`, `created_at`, `updated_at`) VALUES (8,14,'Không dời reminder, chỉ giảm độ khó của tranh',0,2,'2026-02-03 22:50:57','2026-02-03 22:50:57');
INSERT INTO `goal_checklists` (`id`, `goal_id`, `title`, `is_completed`, `sort_order`, `created_at`, `updated_at`) VALUES (9,15,'Mỗi ngày nói tiếng Anh thành tiếng ít nhất vài câu, dù chưa trôi chảy.',0,3,'2026-02-03 23:35:13','2026-02-03 23:35:13');
INSERT INTO `goal_checklists` (`id`, `goal_id`, `title`, `is_completed`, `sort_order`, `created_at`, `updated_at`) VALUES (10,15,'Mỗi tuần hoàn thành ít nhất 1 tình huống giao tiếp du lịch.',0,4,'2026-02-03 23:35:22','2026-02-03 23:35:22');
INSERT INTO `goal_checklists` (`id`, `goal_id`, `title`, `is_completed`, `sort_order`, `created_at`, `updated_at`) VALUES (11,15,'Ghi âm để quen với giọng nói tiếng Anh của chính mình.',0,5,'2026-02-03 23:35:27','2026-02-03 23:35:27');
INSERT INTO `goal_checklists` (`id`, `goal_id`, `title`, `is_completed`, `sort_order`, `created_at`, `updated_at`) VALUES (12,19,'Ra ngoài mà không bật nhạc hay podcast',0,1,'2026-02-04 04:13:05','2026-02-04 04:13:05');
INSERT INTO `goal_checklists` (`id`, `goal_id`, `title`, `is_completed`, `sort_order`, `created_at`, `updated_at`) VALUES (13,19,'Quan sát không gian xung quanh ít nhất 10–20 phút',0,2,'2026-02-04 04:13:11','2026-02-04 04:13:11');
INSERT INTO `goal_checklists` (`id`, `goal_id`, `title`, `is_completed`, `sort_order`, `created_at`, `updated_at`) VALUES (14,12,'Xem bài học của ngày đó',0,1,'2026-02-04 16:46:36','2026-02-04 16:46:36');
INSERT INTO `goal_checklists` (`id`, `goal_id`, `title`, `is_completed`, `sort_order`, `created_at`, `updated_at`) VALUES (15,12,'Quay ít nhất 1 clip thực hành (dù rất ngắn)',0,2,'2026-02-04 16:46:40','2026-02-04 16:46:40');
INSERT INTO `goal_checklists` (`id`, `goal_id`, `title`, `is_completed`, `sort_order`, `created_at`, `updated_at`) VALUES (16,12,'Lưu lại clip + ghi 1 dòng cảm nhận',0,3,'2026-02-04 16:46:44','2026-02-04 16:46:44');
INSERT INTO `goal_checklists` (`id`, `goal_id`, `title`, `is_completed`, `sort_order`, `created_at`, `updated_at`) VALUES (17,1,'Theo dõi nợ mỗi tuần để không trốn tránh',0,1,'2026-02-04 16:51:30','2026-02-04 16:51:30');
INSERT INTO `goal_checklists` (`id`, `goal_id`, `title`, `is_completed`, `sort_order`, `created_at`, `updated_at`) VALUES (18,1,'Ưu tiên trả khoản có lãi cao trước',0,2,'2026-02-04 16:51:34','2026-02-04 16:51:34');
INSERT INTO `goal_checklists` (`id`, `goal_id`, `title`, `is_completed`, `sort_order`, `created_at`, `updated_at`) VALUES (19,1,'Không phát sinh nợ mới trong năm 2026',0,3,'2026-02-04 16:51:38','2026-02-04 16:51:38');
INSERT INTO `goal_checklists` (`id`, `goal_id`, `title`, `is_completed`, `sort_order`, `created_at`, `updated_at`) VALUES (20,10,'Mỗi tháng chọn 1 núi gần',0,1,'2026-02-04 19:08:53','2026-02-04 19:08:53');
INSERT INTO `goal_checklists` (`id`, `goal_id`, `title`, `is_completed`, `sort_order`, `created_at`, `updated_at`) VALUES (21,10,'Mỗi quý cho phép 1 chuyến núi xa',0,2,'2026-02-04 19:08:59','2026-02-04 19:08:59');
INSERT INTO `goal_checklists` (`id`, `goal_id`, `title`, `is_completed`, `sort_order`, `created_at`, `updated_at`) VALUES (22,10,'Ghi lại ít nhất 1 ảnh hoặc 1 đoạn note cảm nhận sau mỗi chuyến',0,3,'2026-02-04 19:09:06','2026-02-04 19:09:06');
INSERT INTO `goal_checklists` (`id`, `goal_id`, `title`, `is_completed`, `sort_order`, `created_at`, `updated_at`) VALUES (23,6,'Trước mỗi project: làm rõ scope, deadline, cách liên lạc',0,1,'2026-02-04 19:24:49','2026-02-04 19:24:49');
INSERT INTO `goal_checklists` (`id`, `goal_id`, `title`, `is_completed`, `sort_order`, `created_at`, `updated_at`) VALUES (24,6,'Trong project: update đều, không để khách phải hỏi',0,2,'2026-02-04 19:24:53','2026-02-04 19:24:53');
INSERT INTO `goal_checklists` (`id`, `goal_id`, `title`, `is_completed`, `sort_order`, `created_at`, `updated_at`) VALUES (25,6,'Kết project: recap ngắn + xác nhận khách đã ok',0,3,'2026-02-04 19:24:57','2026-02-04 19:24:57');
INSERT INTO `goal_checklists` (`id`, `goal_id`, `title`, `is_completed`, `sort_order`, `created_at`, `updated_at`) VALUES (27,20,'chạy bộ 1 long run, 1 tempo run, 1 easy run 1 tuần',0,1,'2026-02-04 20:07:14','2026-02-04 20:07:14');
INSERT INTO `goal_checklists` (`id`, `goal_id`, `title`, `is_completed`, `sort_order`, `created_at`, `updated_at`) VALUES (28,20,'leo 2 núi',0,2,'2026-02-04 20:07:21','2026-02-04 20:07:21');
INSERT INTO `goal_checklists` (`id`, `goal_id`, `title`, `is_completed`, `sort_order`, `created_at`, `updated_at`) VALUES (29,20,'ăn món đặc sản fukuoka',0,3,'2026-02-04 20:07:31','2026-02-04 20:07:31');
INSERT INTO `goal_checklists` (`id`, `goal_id`, `title`, `is_completed`, `sort_order`, `created_at`, `updated_at`) VALUES (30,20,'đi chơi 2 điểm nổi bật fukuoka',0,4,'2026-02-04 20:07:43','2026-02-04 20:07:43');
INSERT INTO `goal_checklists` (`id`, `goal_id`, `title`, `is_completed`, `sort_order`, `created_at`, `updated_at`) VALUES (31,20,'check hàng fukuoka',0,5,'2026-02-04 20:08:00','2026-02-04 20:08:00');
INSERT INTO `goal_checklists` (`id`, `goal_id`, `title`, `is_completed`, `sort_order`, `created_at`, `updated_at`) VALUES (32,16,'Gọi khi nhớ, không chờ đúng lịch',0,1,'2026-02-04 21:17:33','2026-02-04 21:17:33');
INSERT INTO `goal_checklists` (`id`, `goal_id`, `title`, `is_completed`, `sort_order`, `created_at`, `updated_at`) VALUES (33,16,'Không cần nói nhiều, chỉ cần có mặt',0,2,'2026-02-04 21:17:38','2026-02-04 21:17:38');
INSERT INTO `goal_checklists` (`id`, `goal_id`, `title`, `is_completed`, `sort_order`, `created_at`, `updated_at`) VALUES (34,16,'Sau cuộc gọi, tự hỏi: mình có thấy nhẹ lòng hơn không?',0,3,'2026-02-04 21:17:43','2026-02-04 21:17:43');
INSERT INTO `goal_checklists` (`id`, `goal_id`, `title`, `is_completed`, `sort_order`, `created_at`, `updated_at`) VALUES (35,11,'Xem bài + ghi lại 3 ý chính mỗi bài',0,1,'2026-02-04 21:40:56','2026-02-04 21:40:56');
INSERT INTO `goal_checklists` (`id`, `goal_id`, `title`, `is_completed`, `sort_order`, `created_at`, `updated_at`) VALUES (36,11,'Không mua bán theo cảm xúc trong lúc học',0,2,'2026-02-04 21:41:03','2026-02-04 21:41:03');
INSERT INTO `goal_checklists` (`id`, `goal_id`, `title`, `is_completed`, `sort_order`, `created_at`, `updated_at`) VALUES (37,11,'Tổng hợp 1 trang “nguyên tắc đầu tư cho Mình” sau khi học xong',0,3,'2026-02-04 21:41:08','2026-02-04 21:41:08');
INSERT INTO `goal_checklists` (`id`, `goal_id`, `title`, `is_completed`, `sort_order`, `created_at`, `updated_at`) VALUES (38,4,'Mỗi tuần học 2–4 buổi ngắn (30–60 phút)',0,1,'2026-02-05 00:04:50','2026-02-05 00:04:50');
INSERT INTO `goal_checklists` (`id`, `goal_id`, `title`, `is_completed`, `sort_order`, `created_at`, `updated_at`) VALUES (40,4,'Hiểu > nhớ, không ép thuộc',0,2,'2026-02-05 00:05:00','2026-02-05 00:05:00');
INSERT INTO `goal_checklists` (`id`, `goal_id`, `title`, `is_completed`, `sort_order`, `created_at`, `updated_at`) VALUES (41,4,'Ghi lại 3 khái niệm mình từng thấy khó',0,3,'2026-02-05 00:05:05','2026-02-05 00:05:05');
INSERT INTO `goal_checklists` (`id`, `goal_id`, `title`, `is_completed`, `sort_order`, `created_at`, `updated_at`) VALUES (42,4,'Mỗi tháng tự đánh giá: mình còn nhớ kiến thức đã học không?',0,4,'2026-02-05 00:05:29','2026-02-05 00:05:29');
INSERT INTO `goal_references` (`id`, `goal_id`, `type`, `title`, `content`, `file_path`, `file_name`, `file_size`, `sort_order`, `created_at`, `updated_at`) VALUES (1,20,'link','test url','https://www.notion.so/5408cda3bc6f444eabe77f0c0ab8d231?pvs=66',NULL,NULL,NULL,1,'2026-02-05 03:00:29','2026-02-05 03:00:29');
INSERT INTO `goal_references` (`id`, `goal_id`, `type`, `title`, `content`, `file_path`, `file_name`, `file_size`, `sort_order`, `created_at`, `updated_at`) VALUES (2,20,'text','🌙 MINI ROUTINE – 1 THÁNG CÔNG TÁC','## 🌅 BUỔI SÁNG – “đặt nhịp cho ngày”\r\n\r\n⏰ không cần sớm, chỉ cần **đều**\r\n\r\n**Mỗi sáng**\r\n\r\n- Uống nước → mở rèm → hít thở 3 nhịp\r\n- Pha **cafe quen vị** (đồ m mang theo á)\r\n- Viết **1 dòng** vào sổ\r\n    \r\n    → *hôm nay muốn nhẹ ở chỗ nào*\r\n    \r\n\r\n**2–3 ngày / tuần**\r\n\r\n- 🏃‍♀️ Chạy nhẹ 20–40 phút\r\n    \r\n    → về nhà giãn cơ + protein\r\n    \r\n    → cảm giác: *mình đang chăm sóc cơ thể, không chỉ đi làm*\r\n    \r\n\r\n---\r\n\r\n## ☀️ SAU GIỜ LÀM – “không về nhà là nằm”\r\n\r\n(chỗ dễ trống trải nhất)\r\n\r\n**Ngày thường**\r\n\r\n- Chọn **1 hành động nhỏ** trước khi về nhà:\r\n    - đi bộ thêm 10 phút\r\n    - ghé 1 quán cafe yên\r\n    - hoặc mua trái cây về nhà\r\n\r\n👉 không cần mỗi ngày, **2–3 lần / tuần là đủ**\r\n\r\n**Về nhà**\r\n\r\n- Tắm nước ấm\r\n- Mặc đồ thoải mái\r\n- Ăn đơn giản (đừng skip bữa)\r\n\r\n---\r\n\r\n## 🌿 BUỔI TỐI – “giữ mình ở lại với chính mình”\r\n\r\n**Mỗi tối**\r\n\r\n- Không mở mạng xã hội ít nhất **30 phút đầu**\r\n- Chọn **1 trong 3**:\r\n    - 📖 đọc 5–10 trang sách\r\n    - 🎨 vẽ nguệch ngoạc (không cần đẹp)\r\n    - ✍️ viết vài dòng kiểu “hôm nay mình ổn/chưa ổn ở đâu”\r\n\r\n**Trước ngủ**\r\n\r\n- Chuẩn bị đồ cho sáng hôm sau\r\n- Ghi **1 điều nhỏ trong ngày** (kể cả rất bình thường)\r\n\r\n---\r\n\r\n## 🏞️ CUỐI TUẦN – “mỗi tuần 1 điểm tựa”\r\n\r\n👉 đừng để cuối tuần trôi mất\r\n\r\n**Mỗi tuần chọn 1**\r\n\r\n- 🌳 thiên nhiên: công viên / biển / leo núi nhẹ\r\n- ☕ cafe xa một chút\r\n- 🎒 day trip nhỏ (Dazaifu / Itoshima)\r\n\r\n**Ritual cố định**\r\n\r\n- Sáng: cafe + sổ\r\n- Trưa: ăn món mình thích\r\n- Chiều: đi bộ không mục đích\r\n- Tối: ăn nhẹ, về sớm\r\n\r\n---',NULL,NULL,NULL,2,'2026-02-05 03:01:34','2026-02-05 03:01:34');
INSERT INTO `goal_references` (`id`, `goal_id`, `type`, `title`, `content`, `file_path`, `file_name`, `file_size`, `sort_order`, `created_at`, `updated_at`) VALUES (3,20,'file','名称未設定-1.jpg',NULL,'references/20/UcT8TYV7IIxkZvg1GNUDWWwUIEg5uAW0NyylKfZg.jpg','名称未設定-1.jpg',43137,3,'2026-02-05 03:20:58','2026-02-05 03:20:58');
INSERT INTO `goal_references` (`id`, `goal_id`, `type`, `title`, `content`, `file_path`, `file_name`, `file_size`, `sort_order`, `created_at`, `updated_at`) VALUES (4,10,'text','Checklist đi mùa đông','### Đồ bắt buộc mang (đi tuyết)\r\n\r\n* 🥾 Giày trekking \r\n* 🧊 Crampon\r\n* 🧤 Găng tay 2 cái\r\n* 🧣 Mũ len / khăn cổ\r\n* 🧥 Áo phao + áo gió ngoài\r\n* 🧦 Tất dày\r\n* 🎒 Ba lô\r\n\r\n---\r\n\r\n### Đồ nên mang thêm\r\n\r\n* ☕ Bình nước giữ nhiệt (trà nóng / nước ấm)\r\n* 🍫 Snack năng lượng (socola, bánh protein, mì, trứng)\r\n* 🔋 Pin sạc dự phòng \r\n* 🕶️ Kính râm\r\n* Camera\r\n\r\n---\r\n\r\n### 5️⃣ Lưu ý sống còn ⚠️\r\n\r\n* ❄️ Cắt móng chân\r\n* Sạc pin dự phòng và pin cam, điện thoại, đồng hồ\r\n* Download map ngoại tuyến\r\n* Mang tiền mặt ~￥2,000',NULL,NULL,NULL,1,'2026-02-06 04:38:29','2026-02-06 05:46:48');
INSERT INTO `progress_logs` (`id`, `goal_id`, `previous_value`, `new_value`, `previous_progress`, `new_progress`, `note`, `logged_at`) VALUES (1,3,0.00,25.00,0,100,NULL,'2026-02-01 12:37:55');
INSERT INTO `progress_logs` (`id`, `goal_id`, `previous_value`, `new_value`, `previous_progress`, `new_progress`, `note`, `logged_at`) VALUES (3,10,0.00,1.00,0,8,'三峰山','2026-01-23 15:00:00');
INSERT INTO `progress_logs` (`id`, `goal_id`, `previous_value`, `new_value`, `previous_progress`, `new_progress`, `note`, `logged_at`) VALUES (5,2,3.00,13.97,7,33,NULL,'2026-01-04 15:00:00');
INSERT INTO `progress_logs` (`id`, `goal_id`, `previous_value`, `new_value`, `previous_progress`, `new_progress`, `note`, `logged_at`) VALUES (6,2,2.00,21.24,5,51,NULL,'2026-01-10 15:00:00');
INSERT INTO `progress_logs` (`id`, `goal_id`, `previous_value`, `new_value`, `previous_progress`, `new_progress`, `note`, `logged_at`) VALUES (7,2,1.00,22.46,2,53,NULL,'2026-01-25 15:00:00');
INSERT INTO `progress_logs` (`id`, `goal_id`, `previous_value`, `new_value`, `previous_progress`, `new_progress`, `note`, `logged_at`) VALUES (13,7,4.00,5.00,8,10,'サイトリニューアルのお知らせ','2026-02-05 03:37:41');
INSERT INTO `progress_logs` (`id`, `goal_id`, `previous_value`, `new_value`, `previous_progress`, `new_progress`, `note`, `logged_at`) VALUES (14,7,3.00,4.00,6,8,'LienChocoをリニューアルして思ったこと','2026-02-05 03:37:58');
INSERT INTO `progress_logs` (`id`, `goal_id`, `previous_value`, `new_value`, `previous_progress`, `new_progress`, `note`, `logged_at`) VALUES (15,7,2.00,3.00,4,6,'走るという、小さな対話','2026-02-05 03:38:19');
INSERT INTO `progress_logs` (`id`, `goal_id`, `previous_value`, `new_value`, `previous_progress`, `new_progress`, `note`, `logged_at`) VALUES (16,7,1.00,2.00,2,4,'三峰山と霧氷の一日','2026-02-05 03:38:35');
INSERT INTO `progress_logs` (`id`, `goal_id`, `previous_value`, `new_value`, `previous_progress`, `new_progress`, `note`, `logged_at`) VALUES (17,7,0.00,1.00,0,2,'待ち時間に残ったもの','2026-02-05 03:38:48');
INSERT INTO `progress_logs` (`id`, `goal_id`, `previous_value`, `new_value`, `previous_progress`, `new_progress`, `note`, `logged_at`) VALUES (18,2,22.46,23.66,53,56,NULL,'2026-02-02 15:00:00');
INSERT INTO `progress_logs` (`id`, `goal_id`, `previous_value`, `new_value`, `previous_progress`, `new_progress`, `note`, `logged_at`) VALUES (19,10,1.00,2.00,8,17,'高見山','2026-02-06 15:00:00');

-- Recreate reminders with correct type/frequency constraints (SQLite ALTER TABLE MODIFY không hoạt động)
DROP TABLE IF EXISTS "reminders";
CREATE TABLE "reminders" (
    "id" integer NOT NULL PRIMARY KEY AUTOINCREMENT,
    "goal_id" integer NOT NULL,
    "type" varchar NOT NULL DEFAULT 'progress' CHECK("type" IN ('progress', 'deadline', 'custom')),
    "frequency" varchar NOT NULL DEFAULT 'weekly' CHECK("frequency" IN ('daily', 'weekly', 'monthly', 'specific')),
    "weekly_days" varchar(20),
    "monthly_day" tinyint,
    "start_date" date,
    "end_date" date,
    "custom_days" text,
    "specific_dates" text,
    "remind_time" time NOT NULL,
    "message" text,
    "is_active" tinyint(1) NOT NULL DEFAULT '1',
    "last_sent_at" datetime,
    "next_send_at" datetime,
    "created_at" datetime,
    "updated_at" datetime,
    FOREIGN KEY ("goal_id") REFERENCES "goals" ("id") ON DELETE CASCADE
);

INSERT INTO `reminders` (`id`, `goal_id`, `type`, `frequency`, `weekly_days`, `monthly_day`, `start_date`, `end_date`, `custom_days`, `specific_dates`, `remind_time`, `message`, `is_active`, `last_sent_at`, `next_send_at`, `created_at`, `updated_at`) VALUES (2,9,'progress','monthly','1',1,NULL,NULL,NULL,NULL,'09:00:00','chọn sách cho tháng',1,NULL,'2026-03-01 00:00:00','2026-02-03 21:24:16','2026-02-03 21:24:16');
INSERT INTO `reminders` (`id`, `goal_id`, `type`, `frequency`, `weekly_days`, `monthly_day`, `start_date`, `end_date`, `custom_days`, `specific_dates`, `remind_time`, `message`, `is_active`, `last_sent_at`, `next_send_at`, `created_at`, `updated_at`) VALUES (3,9,'progress','monthly','1',25,NULL,NULL,NULL,NULL,'09:00:00','check tiến độ + viết review',1,NULL,'2026-02-25 00:00:00','2026-02-03 21:24:56','2026-02-03 21:24:56');
INSERT INTO `reminders` (`id`, `goal_id`, `type`, `frequency`, `weekly_days`, `monthly_day`, `start_date`, `end_date`, `custom_days`, `specific_dates`, `remind_time`, `message`, `is_active`, `last_sent_at`, `next_send_at`, `created_at`, `updated_at`) VALUES (5,8,'progress','monthly','1',1,'2026-03-01','2026-06-01',NULL,NULL,'09:00:00','- Check quỹ du lịch\n- Xem giá vé máy bay',1,NULL,'2026-03-01 00:00:00','2026-02-03 22:33:08','2026-02-03 22:33:08');
INSERT INTO `reminders` (`id`, `goal_id`, `type`, `frequency`, `weekly_days`, `monthly_day`, `start_date`, `end_date`, `custom_days`, `specific_dates`, `remind_time`, `message`, `is_active`, `last_sent_at`, `next_send_at`, `created_at`, `updated_at`) VALUES (6,8,'custom','weekly','1',1,'2026-06-01','2026-09-01',NULL,NULL,'09:00:00','Bắt đầu săn vé',1,NULL,'2026-06-01 00:00:00','2026-02-03 22:34:14','2026-02-03 22:34:14');
INSERT INTO `reminders` (`id`, `goal_id`, `type`, `frequency`, `weekly_days`, `monthly_day`, `start_date`, `end_date`, `custom_days`, `specific_dates`, `remind_time`, `message`, `is_active`, `last_sent_at`, `next_send_at`, `created_at`, `updated_at`) VALUES (7,8,'custom','weekly','1',1,'2026-09-01','2026-12-01',NULL,NULL,'09:00:00','Đặt khách sạn',1,NULL,'2026-09-01 00:00:00','2026-02-03 22:34:50','2026-02-03 22:34:50');
INSERT INTO `reminders` (`id`, `goal_id`, `type`, `frequency`, `weekly_days`, `monthly_day`, `start_date`, `end_date`, `custom_days`, `specific_dates`, `remind_time`, `message`, `is_active`, `last_sent_at`, `next_send_at`, `created_at`, `updated_at`) VALUES (8,8,'deadline','weekly','1',1,'2026-12-01','2026-12-01',NULL,NULL,'09:00:00','- Check giấy tờ – hành lý – lịch trình\n- Nhắc bản thân: *“Chuyến này để tận hưởng, không phải để chạy.”*',1,NULL,'2026-12-01 00:00:00','2026-02-03 22:36:11','2026-02-03 22:36:11');
INSERT INTO `reminders` (`id`, `goal_id`, `type`, `frequency`, `weekly_days`, `monthly_day`, `start_date`, `end_date`, `custom_days`, `specific_dates`, `remind_time`, `message`, `is_active`, `last_sent_at`, `next_send_at`, `created_at`, `updated_at`) VALUES (9,14,'progress','weekly','7',1,NULL,NULL,NULL,NULL,'09:00:00','Vẽ hoặc hoàn thiện 1 bức tranh trong tuần này',1,NULL,'2026-02-08 00:00:00','2026-02-03 22:48:43','2026-02-03 22:48:43');
INSERT INTO `reminders` (`id`, `goal_id`, `type`, `frequency`, `weekly_days`, `monthly_day`, `start_date`, `end_date`, `custom_days`, `specific_dates`, `remind_time`, `message`, `is_active`, `last_sent_at`, `next_send_at`, `created_at`, `updated_at`) VALUES (10,14,'deadline','weekly','1,7',1,NULL,NULL,NULL,NULL,'21:00:00','Nếu chưa vẽ xong, vẫn còn tối nay.\nĐừng bỏ tuần này nhé.',1,NULL,'2026-02-08 12:00:00','2026-02-03 22:49:11','2026-02-03 22:49:11');
INSERT INTO `reminders` (`id`, `goal_id`, `type`, `frequency`, `weekly_days`, `monthly_day`, `start_date`, `end_date`, `custom_days`, `specific_dates`, `remind_time`, `message`, `is_active`, `last_sent_at`, `next_send_at`, `created_at`, `updated_at`) VALUES (11,14,'progress','weekly','7',1,NULL,NULL,NULL,NULL,'22:00:00','Đánh dấu đã hoàn thành tranh trong tuần + lưu ảnh',1,NULL,'2026-02-08 13:00:00','2026-02-03 22:49:41','2026-02-03 22:49:41');
INSERT INTO `reminders` (`id`, `goal_id`, `type`, `frequency`, `weekly_days`, `monthly_day`, `start_date`, `end_date`, `custom_days`, `specific_dates`, `remind_time`, `message`, `is_active`, `last_sent_at`, `next_send_at`, `created_at`, `updated_at`) VALUES (12,14,'custom','weekly','7',1,NULL,NULL,NULL,NULL,'22:10:00','Vẽ xong rồi, mình cảm thấy thế nào?\nChỉ cần 1 câu thôi.',1,NULL,'2026-02-08 13:10:00','2026-02-03 22:50:07','2026-02-03 22:50:07');
INSERT INTO `reminders` (`id`, `goal_id`, `type`, `frequency`, `weekly_days`, `monthly_day`, `start_date`, `end_date`, `custom_days`, `specific_dates`, `remind_time`, `message`, `is_active`, `last_sent_at`, `next_send_at`, `created_at`, `updated_at`) VALUES (13,14,'custom','monthly','1',28,NULL,NULL,NULL,NULL,'20:00:00','Tháng này mình đã vẽ được bao nhiêu tranh?\nCó bức nào mình thật sự thích không?',1,NULL,'2026-02-28 11:00:00','2026-02-03 22:50:36','2026-02-03 22:50:36');
INSERT INTO `reminders` (`id`, `goal_id`, `type`, `frequency`, `weekly_days`, `monthly_day`, `start_date`, `end_date`, `custom_days`, `specific_dates`, `remind_time`, `message`, `is_active`, `last_sent_at`, `next_send_at`, `created_at`, `updated_at`) VALUES (14,19,'progress','weekly','7',1,'2026-01-01','2026-12-31',NULL,NULL,'09:00:00','Ra ngoài một chút, hít thở và cảm nhận không gian xung quanh.',1,'2026-02-06 05:56:17','2026-02-08 00:00:00','2026-02-04 16:24:50','2026-02-06 05:56:17');
INSERT INTO `reminders` (`id`, `goal_id`, `type`, `frequency`, `weekly_days`, `monthly_day`, `start_date`, `end_date`, `custom_days`, `specific_dates`, `remind_time`, `message`, `is_active`, `last_sent_at`, `next_send_at`, `created_at`, `updated_at`) VALUES (15,19,'progress','weekly','7',1,'2026-01-01','2026-12-31',NULL,NULL,'20:30:00','Viết hoặc ghi chú 1–2 dòng vềcảm xúc sau khi ở cùng thiên nhiên.',1,NULL,'2026-02-08 11:30:00','2026-02-04 16:25:40','2026-02-04 16:29:59');
INSERT INTO `reminders` (`id`, `goal_id`, `type`, `frequency`, `weekly_days`, `monthly_day`, `start_date`, `end_date`, `custom_days`, `specific_dates`, `remind_time`, `message`, `is_active`, `last_sent_at`, `next_send_at`, `created_at`, `updated_at`) VALUES (16,19,'custom','weekly','6',1,'2026-01-01','2026-12-31',NULL,NULL,'08:00:00','Cuối tuần rồi, mình có muốn ra ngoài thiên nhiên không?\nKhông cần đi xa. Chỉ cần bước ra ngoài và ở đó chậm hơn một chút.',1,'2026-02-06 12:24:51','2026-02-06 23:00:00','2026-02-04 16:27:28','2026-02-06 12:24:51');
INSERT INTO `reminders` (`id`, `goal_id`, `type`, `frequency`, `weekly_days`, `monthly_day`, `start_date`, `end_date`, `custom_days`, `specific_dates`, `remind_time`, `message`, `is_active`, `last_sent_at`, `next_send_at`, `created_at`, `updated_at`) VALUES (17,19,'deadline','weekly','1',1,'2026-03-01','2026-12-31',NULL,NULL,'09:00:00','Nhìn lại milestone kết nối thiên nhiên của quý này.\nMình đã giữ được nhịp kết nối với thiên nhiên như thế nào?',1,NULL,'2026-03-01 00:00:00','2026-02-04 16:29:22','2026-02-04 16:29:22');
INSERT INTO `reminders` (`id`, `goal_id`, `type`, `frequency`, `weekly_days`, `monthly_day`, `start_date`, `end_date`, `custom_days`, `specific_dates`, `remind_time`, `message`, `is_active`, `last_sent_at`, `next_send_at`, `created_at`, `updated_at`) VALUES (18,12,'progress','daily','1',1,'2026-03-01','2026-03-14',NULL,NULL,'20:00:00','🎬 Day {{n}} – Học xong là quay & thực hành ngay hôm nay',1,NULL,'2026-03-01 11:00:00','2026-02-04 16:45:05','2026-02-06 05:51:19');
INSERT INTO `reminders` (`id`, `goal_id`, `type`, `frequency`, `weekly_days`, `monthly_day`, `start_date`, `end_date`, `custom_days`, `specific_dates`, `remind_time`, `message`, `is_active`, `last_sent_at`, `next_send_at`, `created_at`, `updated_at`) VALUES (19,12,'custom','daily','1',1,'2026-03-01','2026-04-14',NULL,NULL,'21:30:00','✍️ Review nhanh: hôm nay mình học được gì? Cảnh quay nào ổn?',1,NULL,'2026-03-01 12:30:00','2026-02-04 16:45:43','2026-02-06 05:51:31');
INSERT INTO `reminders` (`id`, `goal_id`, `type`, `frequency`, `weekly_days`, `monthly_day`, `start_date`, `end_date`, `custom_days`, `specific_dates`, `remind_time`, `message`, `is_active`, `last_sent_at`, `next_send_at`, `created_at`, `updated_at`) VALUES (20,1,'progress','weekly','4',1,'2026-01-01','2026-12-31',NULL,NULL,'20:00:00','Check nợ hàng tuần: Cập nhật số dư nợ hiện tại (ước lượng cũng được)',1,'2026-02-05 21:49:26','2026-02-12 11:00:00','2026-02-04 17:47:07','2026-02-05 21:49:26');
INSERT INTO `reminders` (`id`, `goal_id`, `type`, `frequency`, `weekly_days`, `monthly_day`, `start_date`, `end_date`, `custom_days`, `specific_dates`, `remind_time`, `message`, `is_active`, `last_sent_at`, `next_send_at`, `created_at`, `updated_at`) VALUES (21,1,'deadline','monthly','1',25,NULL,NULL,NULL,NULL,'09:00:00','Trả đúng hạn là mình đang bảo vệ bản thân khỏi tiền lãi.',1,NULL,'2026-02-25 00:00:00','2026-02-04 17:47:40','2026-02-04 17:47:40');
INSERT INTO `reminders` (`id`, `goal_id`, `type`, `frequency`, `weekly_days`, `monthly_day`, `start_date`, `end_date`, `custom_days`, `specific_dates`, `remind_time`, `message`, `is_active`, `last_sent_at`, `next_send_at`, `created_at`, `updated_at`) VALUES (22,1,'progress','monthly','1',28,NULL,NULL,NULL,NULL,'21:00:00','Tổng kết: tháng này đã trả bao nhiêu, chi tiêu bao nhiêu',1,NULL,'2026-02-28 12:00:00','2026-02-04 17:48:21','2026-02-04 17:48:21');
INSERT INTO `reminders` (`id`, `goal_id`, `type`, `frequency`, `weekly_days`, `monthly_day`, `start_date`, `end_date`, `custom_days`, `specific_dates`, `remind_time`, `message`, `is_active`, `last_sent_at`, `next_send_at`, `created_at`, `updated_at`) VALUES (23,1,'custom','specific','1',1,NULL,NULL,NULL,'2026-07-10','10:00:00','Bonus Check: Có bonus → tách ngay 15万円 để trả nợ.',1,NULL,'2026-07-10 01:00:00','2026-02-04 17:58:42','2026-02-04 17:58:42');
INSERT INTO `reminders` (`id`, `goal_id`, `type`, `frequency`, `weekly_days`, `monthly_day`, `start_date`, `end_date`, `custom_days`, `specific_dates`, `remind_time`, `message`, `is_active`, `last_sent_at`, `next_send_at`, `created_at`, `updated_at`) VALUES (24,10,'progress','monthly','1',28,'2026-01-01','2026-12-31',NULL,NULL,'09:00:00','Check nhịp leo núi trong tháng: “Tháng này mình đã chọn núi chưa? Gần cũng được.”',1,NULL,'2026-02-28 00:00:00','2026-02-04 19:12:05','2026-02-04 19:12:05');
INSERT INTO `reminders` (`id`, `goal_id`, `type`, `frequency`, `weekly_days`, `monthly_day`, `start_date`, `end_date`, `custom_days`, `specific_dates`, `remind_time`, `message`, `is_active`, `last_sent_at`, `next_send_at`, `created_at`, `updated_at`) VALUES (25,10,'progress','specific','1',1,NULL,NULL,NULL,'2026-03-01,2026-06-01,2026-09-01,2026-12-01','09:00:00','Check kế hoạch núi xa: “Quý này có cho mình 1 chuyến núi xa không?”',1,NULL,'2026-03-01 00:00:00','2026-02-04 19:13:23','2026-02-04 19:13:23');
INSERT INTO `reminders` (`id`, `goal_id`, `type`, `frequency`, `weekly_days`, `monthly_day`, `start_date`, `end_date`, `custom_days`, `specific_dates`, `remind_time`, `message`, `is_active`, `last_sent_at`, `next_send_at`, `created_at`, `updated_at`) VALUES (26,6,'progress','weekly','5',1,NULL,NULL,NULL,NULL,'09:00:00','Tự check lại tiến độ & giao tiếp trong tuần: Tuần này mình đã làm rõ ràng chưa? Có điểm nào cần nói sớm với khách không?',1,'2026-02-06 05:56:57','2026-02-13 00:00:00','2026-02-04 19:23:56','2026-02-06 05:56:57');
INSERT INTO `reminders` (`id`, `goal_id`, `type`, `frequency`, `weekly_days`, `monthly_day`, `start_date`, `end_date`, `custom_days`, `specific_dates`, `remind_time`, `message`, `is_active`, `last_sent_at`, `next_send_at`, `created_at`, `updated_at`) VALUES (27,6,'progress','monthly','1',28,NULL,NULL,NULL,NULL,'09:00:00','Tổng hợp feedback/thái độ của khách trong tháng: Nhìn lại tháng này: khách yên tâm ở điểm nào, và mình có thể làm tốt hơn ở đâu?',1,NULL,'2026-02-28 00:00:00','2026-02-04 19:24:33','2026-02-04 19:24:33');
INSERT INTO `reminders` (`id`, `goal_id`, `type`, `frequency`, `weekly_days`, `monthly_day`, `start_date`, `end_date`, `custom_days`, `specific_dates`, `remind_time`, `message`, `is_active`, `last_sent_at`, `next_send_at`, `created_at`, `updated_at`) VALUES (28,20,'progress','weekly','7',1,'2026-02-09','2026-03-01',NULL,NULL,'09:00:00','Review công việc và nhịp sống tuần qua.',1,NULL,'2026-02-09 00:00:00','2026-02-04 20:05:21','2026-02-04 20:05:21');
INSERT INTO `reminders` (`id`, `goal_id`, `type`, `frequency`, `weekly_days`, `monthly_day`, `start_date`, `end_date`, `custom_days`, `specific_dates`, `remind_time`, `message`, `is_active`, `last_sent_at`, `next_send_at`, `created_at`, `updated_at`) VALUES (29,20,'progress','weekly','1',1,NULL,NULL,NULL,NULL,'09:00:00','Nhắc mình chạy bộ, vận động và ăn uống tử tế.',1,NULL,'2026-02-09 00:00:00','2026-02-04 20:05:46','2026-02-04 20:05:46');
INSERT INTO `reminders` (`id`, `goal_id`, `type`, `frequency`, `weekly_days`, `monthly_day`, `start_date`, `end_date`, `custom_days`, `specific_dates`, `remind_time`, `message`, `is_active`, `last_sent_at`, `next_send_at`, `created_at`, `updated_at`) VALUES (30,20,'progress','weekly','4',1,NULL,NULL,NULL,NULL,'21:00:00','Lên kế hoạch leo núi hoặc solo trip cuối tuần.',1,'2026-02-05 21:49:37','2026-02-12 12:00:00','2026-02-04 20:06:04','2026-02-05 21:49:37');
INSERT INTO `reminders` (`id`, `goal_id`, `type`, `frequency`, `weekly_days`, `monthly_day`, `start_date`, `end_date`, `custom_days`, `specific_dates`, `remind_time`, `message`, `is_active`, `last_sent_at`, `next_send_at`, `created_at`, `updated_at`) VALUES (31,11,'custom','daily','1',1,'2026-02-07','2026-02-07',NULL,NULL,'09:00:00','Tuần này mình học 1–2 bài đầu tư, chậm cũng được, đừng bỏ.',1,NULL,'2026-02-07 00:00:00','2026-02-04 21:41:55','2026-02-04 21:43:16');
INSERT INTO `reminders` (`id`, `goal_id`, `type`, `frequency`, `weekly_days`, `monthly_day`, `start_date`, `end_date`, `custom_days`, `specific_dates`, `remind_time`, `message`, `is_active`, `last_sent_at`, `next_send_at`, `created_at`, `updated_at`) VALUES (32,11,'progress','daily','1',1,'2026-04-04','2026-04-04',NULL,NULL,'09:00:00','Check lại tiến độ học đầu tư và ghi chú những điều mình đã hiểu rõ hơn về tiền.',1,NULL,'2026-04-04 00:00:00','2026-02-04 21:42:23','2026-02-04 21:42:23');
INSERT INTO `reminders` (`id`, `goal_id`, `type`, `frequency`, `weekly_days`, `monthly_day`, `start_date`, `end_date`, `custom_days`, `specific_dates`, `remind_time`, `message`, `is_active`, `last_sent_at`, `next_send_at`, `created_at`, `updated_at`) VALUES (33,15,'progress','daily','1',1,'2026-06-01','2026-12-30',NULL,NULL,'21:00:00','Luyện nói tiếng Anh du lịch hôm nay. “Chỉ cần nói được, không cần hoàn hảo.”',1,NULL,'2026-06-01 12:00:00','2026-02-04 21:53:24','2026-02-04 21:53:24');
INSERT INTO `reminders` (`id`, `goal_id`, `type`, `frequency`, `weekly_days`, `monthly_day`, `start_date`, `end_date`, `custom_days`, `specific_dates`, `remind_time`, `message`, `is_active`, `last_sent_at`, `next_send_at`, `created_at`, `updated_at`) VALUES (34,15,'progress','weekly','1,7',1,NULL,NULL,NULL,NULL,'22:00:00','Ôn lại các mẫu câu & tình huống trong tuần. Tuần này mình nói được gì rồi?',1,NULL,'2026-02-08 13:00:00','2026-02-04 21:53:59','2026-02-04 21:53:59');
INSERT INTO `reminders` (`id`, `goal_id`, `type`, `frequency`, `weekly_days`, `monthly_day`, `start_date`, `end_date`, `custom_days`, `specific_dates`, `remind_time`, `message`, `is_active`, `last_sent_at`, `next_send_at`, `created_at`, `updated_at`) VALUES (35,15,'progress','monthly','1',28,NULL,NULL,NULL,NULL,'21:00:00','Kiểm tra tiến độ milestone tiếng Anh du lịch',1,NULL,'2026-02-28 12:00:00','2026-02-04 21:54:24','2026-02-04 21:54:24');
INSERT INTO `reminders` (`id`, `goal_id`, `type`, `frequency`, `weekly_days`, `monthly_day`, `start_date`, `end_date`, `custom_days`, `specific_dates`, `remind_time`, `message`, `is_active`, `last_sent_at`, `next_send_at`, `created_at`, `updated_at`) VALUES (36,7,'progress','weekly','6',1,NULL,NULL,NULL,NULL,'09:00:00','“Tuần này Mình có một điều gì đáng được ghi lại không?”',1,NULL,'2026-02-07 00:00:00','2026-02-04 22:22:29','2026-02-04 22:22:29');
INSERT INTO `reminders` (`id`, `goal_id`, `type`, `frequency`, `weekly_days`, `monthly_day`, `start_date`, `end_date`, `custom_days`, `specific_dates`, `remind_time`, `message`, `is_active`, `last_sent_at`, `next_send_at`, `created_at`, `updated_at`) VALUES (37,7,'progress','weekly','6',1,NULL,NULL,NULL,NULL,'20:30:00','“Không cần hay. Chỉ cần thật.”',1,NULL,'2026-02-07 11:30:00','2026-02-04 22:22:46','2026-02-04 22:22:46');
INSERT INTO `review_settings` (`id`, `user_id`, `weekly_enabled`, `monthly_enabled`, `weekly_day`, `monthly_day`, `send_time`, `last_weekly_sent_at`, `last_monthly_sent_at`, `created_at`, `updated_at`) VALUES (1,1,1,1,3,28,'09:00:00',NULL,NULL,'2026-02-03 00:18:41','2026-02-03 00:18:41');
INSERT INTO `theme_words` (`id`, `user_id`, `word`, `color`, `sort_order`, `created_at`, `updated_at`) VALUES (1,1,'Kiên Trì','#F97316',0,'2026-02-02 04:22:39','2026-02-02 04:22:39');
INSERT INTO `theme_words` (`id`, `user_id`, `word`, `color`, `sort_order`, `created_at`, `updated_at`) VALUES (2,1,'Sáng Tạo','#8B5CF6',1,'2026-02-02 04:22:59','2026-02-02 04:22:59');
INSERT INTO `theme_words` (`id`, `user_id`, `word`, `color`, `sort_order`, `created_at`, `updated_at`) VALUES (4,1,'Yêu Thương','#22C55E',3,'2026-02-02 04:24:01','2026-02-02 04:24:01');
INSERT INTO `theme_words` (`id`, `user_id`, `word`, `color`, `sort_order`, `created_at`, `updated_at`) VALUES (7,1,'Tin Tưởng','#3e5360',6,'2026-02-02 04:26:19','2026-02-02 04:26:19');
INSERT INTO `theme_words` (`id`, `user_id`, `word`, `color`, `sort_order`, `created_at`, `updated_at`) VALUES (8,1,'Chăm Sóc','#EC4899',7,'2026-02-02 04:26:46','2026-02-02 04:26:46');
INSERT INTO `daily_outputs` (`id`, `user_id`, `goal_id`, `output_date`, `title`, `category`, `duration`, `note`, `output_link`, `image_path`, `rating`, `status`, `sort_order`, `created_at`, `updated_at`) VALUES (1,1,7,'2026-02-17','đăng blog về 英彦山 lên YAMAP','writing',30,NULL,'https://yamap.com/activities/46176676',NULL,5,'done',0,'2026-02-17 14:49:21','2026-02-17 14:49:21');
INSERT INTO `daily_outputs` (`id`, `user_id`, `goal_id`, `output_date`, `title`, `category`, `duration`, `note`, `output_link`, `image_path`, `rating`, `status`, `sort_order`, `created_at`, `updated_at`) VALUES (2,1,NULL,'2026-02-19','test','coding',60,NULL,NULL,'daily-outputs/cSUpSqcqRfXATxZ4B7rq7RXh4fsNKvgoOZ3ZF9AH.png',NULL,'done',0,'2026-02-18 15:50:04','2026-02-18 15:50:04');

PRAGMA foreign_keys = ON;
